<?xml version="1.0" encoding="ISO-8859-1" ?> 
<HOLIDAYS>
  <HOLIDAY ID='1'>01/01/2009</HOLIDAY>  
  <HOLIDAY ID='2'>01/25/2009</HOLIDAY>  
  <HOLIDAY ID='4'>01/21/2009</HOLIDAY>
  <HOLIDAY ID='5'>01/21/2009</HOLIDAY>
  <HOLIDAY ID='6'>01/11/2009</HOLIDAY> 
  <HOLIDAY ID='7'>01/01/2009</HOLIDAY> 
  <HOLIDAY ID='8'>01/12/2009</HOLIDAY>
  <HOLIDAY ID='9'>01/11/2009</HOLIDAY>
  <HOLIDAY ID='10'>01/13/2009</HOLIDAY>
  <HOLIDAY ID='11'>01/15/2009</HOLIDAY>
  <HOLIDAY ID='12'>01/17/2009</HOLIDAY>
  <HOLIDAY ID='13'>01/01/2009</HOLIDAY>
  <HOLIDAY ID='14'>01/01/2009</HOLIDAY>
  <HOLIDAY ID='15'>01/01/2009</HOLIDAY>
</HOLIDAYS>
