<?xml version="1.0" encoding="ISO-8859-1"?>

<!-- NO LEADING ZEROES IN DATE NUMBERS !!!! -->
<Citylist>
	<City symbol="Pflugerville" error="0">
		<Name>Floogar >> ville</Name>
	</City>
	<City symbol="Opelika" error="0">
		<Name>Ohpahleeka</Name>
	</City>
	<City symbol="Nazarath" error="0">
		<Name>Naaa zar reth</Name>
	</City>
	<City symbol="Rossville" error="0">
		<Name>Rossvill</Name>
	</City>
	<City symbol="St. Pauls" error="0">
		<Name>St. Pawls</Name>
	</City>
	<City symbol="Flowood" error="0">
		<Name>Floh wood</Name>
	</City>
	<City symbol="Rexdale" error="0">
		<Name>Rex dale</Name>
	</City>
	
</Citylist>