<?xml version="1.0" encoding="ISO-8859-1"?>

<!-- NO LEADING ZEROES IN DATE NUMBERS !!!! -->
<Statelist>
	<State symbol="AL" error="0">
		<Name>Alabama</Name>
	</State>
	<State symbol="AK" error="0">
		<Name>Alaska</Name>
	</State>
	<State symbol="AZ" error="0">
		<Name>Arizona</Name>
	</State>
	<State symbol="AR" error="0">
		<Name>Arkansas</Name>
	</State>
	<State symbol="CA" error="0">
		<Name>California</Name>
	</State>
	<State symbol="CO" error="0">
		<Name>Colorado</Name>
	</State>
	<State symbol="CN" error="0">
		<Name>Connecticut</Name>
	</State>
	<State symbol="DE" error="0">
		<Name>Delaware</Name>
	</State>
	<State symbol="FL" error="0">
		<Name>Florida</Name>
	</State>
	<State symbol="GA" error="0">
		<Name>Georgia</Name>
	</State>
	<State symbol="HI" error="0">
		<Name>Hawaii</Name>
	</State>
	<State symbol="ID" error="0">
		<Name>Idaho</Name>
	</State>
	<State symbol="IL" error="0">
		<Name>Illinois</Name>
	</State>
	<State symbol="IN" error="0">
		<Name>Indiana</Name>
	</State>
	<State symbol="IA" error="0">
		<Name>Iowa</Name>
	</State>
	<State symbol="KS" error="0">
		<Name>Kansas</Name>
	</State>
	<State symbol="KY" error="0">
		<Name>Kentucky</Name>
	</State>
	<State symbol="LA" error="0">
		<Name>Louisiana</Name>
	</State>
	<State symbol="ME" error="0">
		<Name>Maine</Name>
	</State>
	<State symbol="MD" error="0">
		<Name>Maryland</Name>
	</State>
	<State symbol="MA" error="0">
		<Name>Massachuetts</Name>
	</State>
	<State symbol="MB" error="0">
		<Name>Manitoba</Name>
	</State>
	<State symbol="MI" error="0">
		<Name>Michigan</Name>
	</State>
	<State symbol="MN" error="0">
		<Name>Minnesota</Name>
	</State>
	<State symbol="MS" error="0">
		<Name>Mississippi</Name>
	</State>
	<State symbol="MO" error="0">
		<Name>Missouri</Name>
	</State>
	<State symbol="MT" error="0">
		<Name>Montana</Name>
	</State>
	<State symbol="NE" error="0">
		<Name>Nebraska</Name>
	</State>
	<State symbol="NV" error="0">
		<Name>Nevada</Name>
	</State>
	<State symbol="NH" error="0">
		<Name>New Hampshire</Name>
	</State>
	<State symbol="NJ" error="0">
		<Name>New Jersey</Name>
	</State>
	<State symbol="NM" error="0">
		<Name>New Mexico</Name>
	</State>
	<State symbol="NY" error="0">
		<Name>New York</Name>
	</State>
	<State symbol="NC" error="0">
		<Name>North Carolina</Name>
	</State>
	<State symbol="ND" error="0">
		<Name>North Dakota</Name>
	</State>
	<State symbol="OH" error="0">
		<Name>Ohio</Name>
	</State>
	<State symbol="OK" error="0">
		<Name>Oklahoma</Name>
	</State>
	<State symbol="OR" error="0">
		<Name>Oregon</Name>
	</State>
	<State symbol="PA" error="0">
		<Name>Pennsylvania</Name>
	</State>
	<State symbol="RI" error="0">
		<Name>Rhode Island</Name>
	</State>
	<State symbol="SC" error="0">
		<Name>South Carolina</Name>
	</State>
	<State symbol="TN" error="0">
		<Name>Tennessee</Name>
	</State>
	<State symbol="TX" error="0">
		<Name>Texas</Name>
	</State>
	<State symbol="UT" error="0">
		<Name>Utah</Name>
	</State>
	<State symbol="VT" error="0">
		<Name>Vermont</Name>
	</State>
	<State symbol="VA" error="0">
		<Name>Virginia</Name>
	</State>
	<State symbol="WA" error="0">
		<Name>Washington</Name>
	</State>
	<State symbol="WV" error="0">
		<Name>West Virginia</Name>
	</State>
	<State symbol="WI" error="0">
		<Name>Wisconsin</Name>
	</State>
	<State symbol="WY" error="0">
		<Name>Wyoming</Name>
	</State>
	<State symbol="DC" error="0">
		<Name>District of Columbia</Name>
	</State>	       
</Statelist>