{
	"info": {
		"_postman_id": "3c3c327e-7021-45e8-b445-622f0b10c41b",
		"name": "JDS Tech and Live",
		"schema": "https://schema.getpostman.com/json/collection/v2.1.0/collection.json",
		"_exporter_id": "3566874"
	},
	"item": [
		{
			"name": "Custom WxConnect - Merge JDS Identities and Add Aliases If Required",
			"request": {
				"auth": {
					"type": "noauth"
				},
				"method": "POST",
				"header": [
					{
						"key": "Content-Type",
						"value": "application/json"
					},
					{
						"key": "key",
						"value": "WxConnect Service Key"
					},
					{
						"key": "",
						"value": "",
						"type": "text",
						"disabled": true
					}
				],
				"body": {
					"mode": "raw",
					"raw": "{\n\t\"First\": \"Barry\",\n\t\"Last\": \"McLellan\",\n\t\"Numbers\": \"phone:13333334453,phone:+13333334453,email:4bmclellan4454@yahoo.com\"\n}"
				},
				"url": {
					"raw": "https://hooks.us.webexconnect.io/events/WxConnect Webhook URL",
					"protocol": "https",
					"host": [
						"hooks",
						"us",
						"webexconnect",
						"io"
					],
					"path": [
						"events",
						"3Z4NPK9BKI"
					]
				}
			},
			"response": []
		},
		{
			"name": "Get History Stream by Identity with filters",
			"event": [
				{
					"listen": "prerequest",
					"script": {
						"exec": [
							"pm.environment.set(\"encodedPerson\", btoa(\"12263762555\"));",
							"console.log(pm.environment.get(\"encodedPerson\"));"
						],
						"type": "text/javascript"
					}
				},
				{
					"listen": "test",
					"script": {
						"exec": [
							""
						],
						"type": "text/javascript"
					}
				}
			],
			"protocolProfileBehavior": {
				"disableBodyPruning": true
			},
			"request": {
				"auth": {
					"type": "noauth"
				},
				"method": "GET",
				"header": [
					{
						"key": "Content-Type",
						"value": "application/json"
					},
					{
						"key": "Authorization",
						"value": "SharedAccessSignature so=cctsa&sn=sandbox&ss=tape&sp=rw&se=2125-10-29T20:43:24.842Z&your JDS key"
					}
				],
				"body": {
					"mode": "raw",
					"raw": ""
				},
				"url": {
					"raw": "https://jds-us1.cjaas.cisco.com/v1/journey/streams/historic/{{encodedPerson}}?filter=identity eq '12263762555'&data=category eq 'Water'&top=2",
					"protocol": "https",
					"host": [
						"jds-us1",
						"cjaas",
						"cisco",
						"com"
					],
					"path": [
						"v1",
						"journey",
						"streams",
						"historic",
						"{{encodedPerson}}"
					],
					"query": [
						{
							"key": "filter",
							"value": "identity eq '12263762555'"
						},
						{
							"key": "data",
							"value": "category eq 'Water'"
						},
						{
							"key": "top",
							"value": "2"
						}
					]
				}
			},
			"response": []
		},
		{
			"name": "Get History Stream by Identity",
			"event": [
				{
					"listen": "prerequest",
					"script": {
						"exec": [
							"pm.environment.set(\"encodedPerson\", btoa(\"12263762555\"));",
							"console.log(pm.environment.get(\"encodedPerson\"));"
						],
						"type": "text/javascript"
					}
				},
				{
					"listen": "test",
					"script": {
						"exec": [
							""
						],
						"type": "text/javascript"
					}
				}
			],
			"protocolProfileBehavior": {
				"disableBodyPruning": true
			},
			"request": {
				"auth": {
					"type": "noauth"
				},
				"method": "GET",
				"header": [
					{
						"key": "Content-Type",
						"value": "application/json"
					},
					{
						"key": "Authorization",
						"value": "SharedAccessSignature so=cctsa&sn=sandbox&ss=tape&sp=rw&se=2125-10-29T20:43:24.842Z&your JDS key"
					}
				],
				"body": {
					"mode": "raw",
					"raw": ""
				},
				"url": {
					"raw": "https://jds-us1.cjaas.cisco.com/v1/journey/streams/historic/{{encodedPerson}}",
					"protocol": "https",
					"host": [
						"jds-us1",
						"cjaas",
						"cisco",
						"com"
					],
					"path": [
						"v1",
						"journey",
						"streams",
						"historic",
						"{{encodedPerson}}"
					]
				}
			},
			"response": []
		},
		{
			"name": "Simplified Post",
			"request": {
				"auth": {
					"type": "noauth"
				},
				"method": "POST",
				"header": [
					{
						"key": "Content-Type",
						"value": "application/json"
					},
					{
						"key": "Authorization",
						"value": "SharedAccessSignature so=cctsa&sn=sandbox&ss=ds&sp=rw&se=2125-10-29T20:17:19.669Z&your JDS key"
					}
				],
				"body": {
					"mode": "raw",
					"raw": "{\n    \"id\": \"{{$guid}}\",\n    \"specversion\": \"1.0\",\n    \"type\": \"task:new\",\n    \"source\": \"test\",\n    \"identity\": \"bmclella@cisco.com\",\n    \"identitytype\": \"phone\",\n    \"datacontenttype\": \"application/json\",\n    \"data\": {\n      \"origin\" : \"Journey Template Primer\",\n      \"channelType\": \"email\"\n    }\n  }"
				},
				"url": {
					"raw": "https://jds-us1.cjaas.cisco.com/events/v1/journey",
					"protocol": "https",
					"host": [
						"jds-us1",
						"cjaas",
						"cisco",
						"com"
					],
					"path": [
						"events",
						"v1",
						"journey"
					]
				}
			},
			"response": []
		},
		{
			"name": "UC1 - Payment Past Due Notify 1",
			"request": {
				"auth": {
					"type": "noauth"
				},
				"method": "POST",
				"header": [
					{
						"key": "Content-Type",
						"value": "application/json"
					},
					{
						"key": "Authorization",
						"value": "SharedAccessSignature so=cctsa&sn=sandbox&ss=ds&sp=rw&se=2125-10-29T20:17:19.669Z&your JDS key"
					}
				],
				"body": {
					"mode": "raw",
					"raw": "{  \"id\": \"{{$guid}}\",\n  \"specversion\": \"1.0\",\n  \"type\": \"Payment\",\n  \"source\": \"SMS%20Notifcation\",\n  \"identity\": \"+12263762555\",\n  \"identitytype\": \"phone\",\n  \"datacontenttype\": \"application/json\",\n  \"data\": {\n    \"phone\": \"+12263762555\",\n    \"Reason\": \"Late Payment Notification Sent – Notification\",\n    \"MessageForUser\" : \"We have noticed your Waterbill payment is overdue. The payment of $544.73 was due Thursday, March 23rd.\",\n    \"LinkSent\": \"https://buy.stripe.com/test_4gw8AnfIUbLBcbC8wB\",\n    \"Notification\": \"1\",\n    \"Past Due Amount\": \"$544.73\",\n    \"category\": \"Water\",\n    \"status\": \"overdue\",\n    \"origin\": \"Past Due - 1st Notification\",\n    \"channelType\": \"Payment Notify\",\n    \"channelBreakout\": \"sms\"\n}}\n"
				},
				"url": {
					"raw": "https://jds-us1.cjaas.cisco.com/events/v1/journey",
					"protocol": "https",
					"host": [
						"jds-us1",
						"cjaas",
						"cisco",
						"com"
					],
					"path": [
						"events",
						"v1",
						"journey"
					]
				}
			},
			"response": []
		},
		{
			"name": "UC1 - Check Payment Past Due Notify 1",
			"event": [
				{
					"listen": "prerequest",
					"script": {
						"exec": [
							"pm.environment.set(\"encodedPerson\", btoa(\"+12263762555\"));",
							"console.log(pm.environment.get(\"encodedPerson\"));"
						],
						"type": "text/javascript"
					}
				},
				{
					"listen": "test",
					"script": {
						"exec": [
							""
						],
						"type": "text/javascript"
					}
				}
			],
			"protocolProfileBehavior": {
				"disableBodyPruning": true
			},
			"request": {
				"auth": {
					"type": "noauth"
				},
				"method": "GET",
				"header": [
					{
						"key": "Content-Type",
						"value": "application/json"
					},
					{
						"key": "Authorization",
						"value": "SharedAccessSignature so=cctsa&sn=sandbox&ss=tape&sp=rw&se=2125-10-29T20:43:24.842Z&your JDS key"
					}
				],
				"body": {
					"mode": "raw",
					"raw": ""
				},
				"url": {
					"raw": "https://jds-us1.cjaas.cisco.com/v1/journey/streams/historic/{{encodedPerson}}?filter=type eq 'Payment'&data=category eq 'Water'&top=1",
					"protocol": "https",
					"host": [
						"jds-us1",
						"cjaas",
						"cisco",
						"com"
					],
					"path": [
						"v1",
						"journey",
						"streams",
						"historic",
						"{{encodedPerson}}"
					],
					"query": [
						{
							"key": "filter",
							"value": "type eq 'Payment'"
						},
						{
							"key": "data",
							"value": "category eq 'Water'"
						},
						{
							"key": "top",
							"value": "1"
						}
					]
				}
			},
			"response": []
		},
		{
			"name": "UC1 - Payment Past Due Notify 2",
			"request": {
				"auth": {
					"type": "noauth"
				},
				"method": "POST",
				"header": [
					{
						"key": "Content-Type",
						"value": "application/json"
					},
					{
						"key": "Authorization",
						"value": "SharedAccessSignature so=cctsa&sn=sandbox&ss=ds&sp=rw&se=2125-10-29T20:17:19.669Z&your JDS key"
					}
				],
				"body": {
					"mode": "raw",
					"raw": "{  \"id\": \"{{$guid}}\",\n  \"specversion\": \"1.0\",\n  \"type\": \"Payment\",\n  \"source\": \"SMS%20Notifcation\",\n  \"identity\": \"+12263762555\",\n  \"identitytype\": \"phone\",\n  \"datacontenttype\": \"application/json\",\n  \"data\": {\n    \"phone\": \"+12263762555\",\n    \"Reason\": \"Late Payment Notification Sent – Notification\",\n    \"MessageForUser\" : \"We have noticed your Waterbill payment is overdue. The payment of $544.73 was due Thursday, March 23rd.\",\n    \"Notification\": \"2\",\n    \"Past Due Amount\": \"$544.73\",\n    \"category\": \"Water\",\n    \"status\": \"overdue\",\n    \"origin\": \"Past Due - 2nd Notification\",\n    \"channelType\": \"Payment Notify\",\n    \"channelBreakout\": \"sms\"\n}}\n"
				},
				"url": {
					"raw": "https://jds-us1.cjaas.cisco.com/events/v1/journey",
					"protocol": "https",
					"host": [
						"jds-us1",
						"cjaas",
						"cisco",
						"com"
					],
					"path": [
						"events",
						"v1",
						"journey"
					]
				}
			},
			"response": []
		},
		{
			"name": "UC1 - Payment Made",
			"request": {
				"auth": {
					"type": "noauth"
				},
				"method": "POST",
				"header": [
					{
						"key": "Content-Type",
						"value": "application/json"
					},
					{
						"key": "Authorization",
						"value": "SharedAccessSignature so=cctsa&sn=sandbox&ss=ds&sp=rw&se=2125-10-29T20:17:19.669Z&your JDS key"
					}
				],
				"body": {
					"mode": "raw",
					"raw": "{  \"id\": \"{{$guid}}\",\n  \"specversion\": \"1.0\",\n  \"type\": \"Payment\",\n  \"source\": \"SMS%20Notifcation\",\n  \"identity\": \"+12263762555\",\n  \"identitytype\": \"phone\",\n  \"datacontenttype\": \"application/json\",\n  \"data\": {\n    \"phone\": \"+12263762555\",\n    \"Past Due Amount\": \"$544.73\",\n    \"category\": \"Water\",\n    \"status\": \"complete\",\n    \"origin\": \"Payment Complete\",\n    \"channelType\": \"Payment Complete\",\n    \"channelBreakout\": \"sms\"\n}}\n"
				},
				"url": {
					"raw": "https://jds-us1.cjaas.cisco.com/events/v1/journey",
					"protocol": "https",
					"host": [
						"jds-us1",
						"cjaas",
						"cisco",
						"com"
					],
					"path": [
						"events",
						"v1",
						"journey"
					]
				}
			},
			"response": []
		},
		{
			"name": "UC2 - Create Profile Template Repeat Caller",
			"event": [
				{
					"listen": "prerequest",
					"script": {
						"exec": [
							"pm.environment.set(\"encodedAlias\", btoa(\"LeyTlRcYmi7xH4OfQUr0HKpH6YFrvCXRIlD\"));",
							"console.log(pm.environment.get(\"encodedAlias\"));",
							""
						],
						"type": "text/javascript"
					}
				}
			],
			"request": {
				"auth": {
					"type": "noauth"
				},
				"method": "POST",
				"header": [
					{
						"key": "Content-Type",
						"value": "application/json"
					},
					{
						"key": "Authorization",
						"value": "SharedAccessSignature so=cctsa&sn=sandbox&ss=profile&sp=rw&se=2125-10-29T20:20:27.017Z&your JDS key"
					}
				],
				"body": {
					"mode": "raw",
					"raw": "{\r\n    \"id\": \"RepeatCaller\",\r\n    \"attributes\": [\r\n        {\r\n            \"version\": \"0.1\",\r\n            \"event\": \"Payment Queue\",\r\n            \"metadataType\": \"string\",\r\n            \"metadata\": \"category\",\r\n            \"limit\": 100,\r\n            \"displayName\": \"RepeatCallers\",\r\n            \"lookbackDurationType\": \"minutes\",\r\n            \"lookbackPeriod\": 5,\r\n            \"aggregationMode\": \"Count\",\r\n            \"eventDataAggregators\": {\r\n                \"logic\": \"SINGLE\",\r\n                \"condition\": \"'Payment Queue','category','Value' EQ Payment\"\r\n            },\r\n            \"widgetAttributes\": {\r\n                \"type\": \"table\"\r\n            },\r\n            \"verbose\": false\r\n        }\r\n    ]\r\n}"
				},
				"url": {
					"raw": "https://jds-us1.cjaas.cisco.com/v1/journey/views/templates?namespaceName=sandbox",
					"protocol": "https",
					"host": [
						"jds-us1",
						"cjaas",
						"cisco",
						"com"
					],
					"path": [
						"v1",
						"journey",
						"views",
						"templates"
					],
					"query": [
						{
							"key": "namespaceName",
							"value": "sandbox"
						}
					]
				}
			},
			"response": []
		},
		{
			"name": "UC2 - Get All Profile View Templates",
			"event": [
				{
					"listen": "prerequest",
					"script": {
						"exec": [
							"pm.environment.set(\"encodedAlias\", btoa(\"LeyTlRcYmi7xH4OfQUr0HKpH6YFrvCXRIlD\"));",
							"console.log(pm.environment.get(\"encodedAlias\"));",
							""
						],
						"type": "text/javascript"
					}
				}
			],
			"protocolProfileBehavior": {
				"disableBodyPruning": true
			},
			"request": {
				"auth": {
					"type": "noauth"
				},
				"method": "GET",
				"header": [
					{
						"key": "Content-Type",
						"value": "application/json"
					},
					{
						"key": "Authorization",
						"value": "SharedAccessSignature so=cctsa&sn=sandbox&ss=profile&sp=rw&se=2125-10-29T20:20:27.017Z&your JDS key"
					}
				],
				"body": {
					"mode": "raw",
					"raw": ""
				},
				"url": {
					"raw": "https://jds-us1.cjaas.cisco.com/v1/journey/views/templates?namespaceName=sandbox",
					"protocol": "https",
					"host": [
						"jds-us1",
						"cjaas",
						"cisco",
						"com"
					],
					"path": [
						"v1",
						"journey",
						"views",
						"templates"
					],
					"query": [
						{
							"key": "namespaceName",
							"value": "sandbox"
						}
					]
				}
			},
			"response": []
		},
		{
			"name": "UC2 - POST Queued Caller Info",
			"request": {
				"auth": {
					"type": "noauth"
				},
				"method": "POST",
				"header": [
					{
						"key": "Content-Type",
						"value": "application/json"
					},
					{
						"key": "Authorization",
						"value": "SharedAccessSignature so=cctsa&sn=sandbox&ss=ds&sp=rw&se=2125-10-29T20:17:19.669Z&your JDS key"
					}
				],
				"body": {
					"mode": "raw",
					"raw": "{  \"id\": \"{{$guid}}\",\n  \"specversion\": \"1.0\",\n  \"type\": \"Payment Queue\",\n  \"source\": \"Voice%20Contact\",\n  \"identity\": \"+12263762555\",\n  \"identitytype\": \"phone\",\n  \"datacontenttype\": \"application/json\",\n  \"data\": {\n    \"phone\": \"+12263762555\",\n    \"CallsQueuedNow\":\"Use GetQueueInfoNode Values\",\n    \"OldestCallTime\":\"Use GetQueueInfoNode Values\",\n    \"LoggedOnAgents\":\"Use GetQueueInfoNode Values\",\n    \"PIQ\":\"Use GetQueueInfoNode Values\",\n    \"EWT\":\"Use GetQueueInfoNode Values\",\n    \"category\": \"Payment\",\n    \"origin\": \"Past Due - 1st Notification\",\n    \"channelType\": \"QueueCall\",\n    \"channelBreakout\": \"voice\"\n}}\n"
				},
				"url": {
					"raw": "https://jds-us1.cjaas.cisco.com/events/v1/journey",
					"protocol": "https",
					"host": [
						"jds-us1",
						"cjaas",
						"cisco",
						"com"
					],
					"path": [
						"events",
						"v1",
						"journey"
					]
				}
			},
			"response": []
		},
		{
			"name": "UC2 - Progressive Profile View Repeat Caller",
			"event": [
				{
					"listen": "prerequest",
					"script": {
						"exec": [
							"pm.environment.set(\"encodedAlias\", btoa(\"+12263762555\"));",
							"console.log(pm.environment.get(\"encodedAlias\"));",
							""
						],
						"type": "text/javascript"
					}
				}
			],
			"protocolProfileBehavior": {
				"disableBodyPruning": true
			},
			"request": {
				"auth": {
					"type": "noauth"
				},
				"method": "GET",
				"header": [
					{
						"key": "Content-Type",
						"value": "application/json"
					},
					{
						"key": "Authorization",
						"value": "SharedAccessSignature so=cctsa&sn=sandbox&ss=profile&sp=rw&se=2125-10-29T20:20:27.017Z&your JDS key"
					}
				],
				"body": {
					"mode": "raw",
					"raw": "{\r\n    \"meta\": {\r\n        \"orgId\": \"cctsa\"\r\n    },\r\n    \"data\": {\r\n        \"name\": \"flintstonedemo-bmclella\",\r\n        \"personId\": \"635bd4f74b1d06ceab4add28\",\r\n        \"searchFilter\": \"\",\r\n        \"generatedAt\": \"2023-03-07T18:10:10.201Z\",\r\n        \"attributeView\": [\r\n            {\r\n                \"queryTemplate\": {\r\n                    \"version\": \"0.1\",\r\n                    \"event\": \"cjds:any\",\r\n                    \"metadataType\": \"string\",\r\n                    \"metadata\": \"phone\",\r\n                    \"limit\": 1,\r\n                    \"displayName\": \"Phone\",\r\n                    \"lookbackDurationType\": \"days\",\r\n                    \"lookbackPeriod\": 50,\r\n                    \"aggregationMode\": \"Value\",\r\n                    \"eventDataAggregators\": null,\r\n                    \"widgetAttributes\": {\r\n                        \"type\": \"table\"\r\n                    },\r\n                    \"verbose\": false\r\n                },\r\n                \"result\": \"18505590000\",\r\n                \"error\": null,\r\n                \"journeyEvents\": null,\r\n                \"hasError\": false\r\n            },\r\n            {\r\n                \"queryTemplate\": {\r\n                    \"version\": \"0.1\",\r\n                    \"event\": \"cjds:any\",\r\n                    \"metadataType\": \"string\",\r\n                    \"metadata\": \"email\",\r\n                    \"limit\": 1,\r\n                    \"displayName\": \"Email\",\r\n                    \"lookbackDurationType\": \"days\",\r\n                    \"lookbackPeriod\": 50,\r\n                    \"aggregationMode\": \"Value\",\r\n                    \"eventDataAggregators\": null,\r\n                    \"widgetAttributes\": {\r\n                        \"type\": \"table\"\r\n                    },\r\n                    \"verbose\": false\r\n                },\r\n                \"result\": \"mclellandemo@gmail.com\",\r\n                \"error\": null,\r\n                \"journeyEvents\": null,\r\n                \"hasError\": false\r\n            },\r\n            {\r\n                \"queryTemplate\": {\r\n                    \"version\": \"0.1\",\r\n                    \"event\": \"com.flintstone.account.savings.transaction\",\r\n                    \"metadataType\": \"integer\",\r\n                    \"metadata\": \"depositAmount\",\r\n                    \"limit\": 1,\r\n                    \"displayName\": \"Total Amount Deposited\",\r\n                    \"lookbackDurationType\": \"days\",\r\n                    \"lookbackPeriod\": 50,\r\n                    \"aggregationMode\": \"Sum\",\r\n                    \"eventDataAggregators\": null,\r\n                    \"widgetAttributes\": {\r\n                        \"type\": \"table\"\r\n                    },\r\n                    \"verbose\": true\r\n                },\r\n                \"result\": \"\",\r\n                \"error\": \"No matching entries\",\r\n                \"journeyEvents\": [],\r\n                \"hasError\": true\r\n            }\r\n        ]\r\n    }\r\n}"
				},
				"url": {
					"raw": "https://jds-us1.cjaas.cisco.com/v1/journey/views?personId={{encodedAlias}}&templateId=RepeatCaller",
					"protocol": "https",
					"host": [
						"jds-us1",
						"cjaas",
						"cisco",
						"com"
					],
					"path": [
						"v1",
						"journey",
						"views"
					],
					"query": [
						{
							"key": "personId",
							"value": "{{encodedAlias}}"
						},
						{
							"key": "templateId",
							"value": "RepeatCaller"
						}
					]
				}
			},
			"response": []
		},
		{
			"name": "UC3 - Create Profile Template Closed Caller",
			"event": [
				{
					"listen": "prerequest",
					"script": {
						"exec": [
							"pm.environment.set(\"encodedAlias\", btoa(\"LeyTlRcYmi7xH4OfQUr0HKpH6YFrvCXRIlD\"));",
							"console.log(pm.environment.get(\"encodedAlias\"));",
							""
						],
						"type": "text/javascript"
					}
				}
			],
			"request": {
				"auth": {
					"type": "noauth"
				},
				"method": "POST",
				"header": [
					{
						"key": "Content-Type",
						"value": "application/json"
					},
					{
						"key": "Authorization",
						"value": "SharedAccessSignature so=cctsa&sn=sandbox&ss=profile&sp=rw&se=2125-10-29T20:20:27.017Z&your JDS key"
					}
				],
				"body": {
					"mode": "raw",
					"raw": "{\r\n    \"id\": \"ClosedCaller\",\r\n    \"attributes\": [\r\n        {\r\n            \"version\": \"0.1\",\r\n            \"event\": \"Closed Queue\",\r\n            \"metadataType\": \"string\",\r\n            \"metadata\": \"category\",\r\n            \"limit\": 100,\r\n            \"displayName\": \"ClosedCaller\",\r\n            \"lookbackDurationType\": \"minutes\",\r\n            \"lookbackPeriod\": 5,\r\n            \"aggregationMode\": \"Count\",\r\n            \"eventDataAggregators\": {\r\n                \"logic\": \"SINGLE\",\r\n                \"condition\": \"'Closed Queue','category','Value' EQ Closed\"\r\n            },\r\n            \"widgetAttributes\": {\r\n                \"type\": \"table\"\r\n            },\r\n            \"verbose\": false\r\n        }\r\n    ]\r\n}"
				},
				"url": {
					"raw": "https://jds-us1.cjaas.cisco.com/v1/journey/views/templates?namespaceName=sandbox",
					"protocol": "https",
					"host": [
						"jds-us1",
						"cjaas",
						"cisco",
						"com"
					],
					"path": [
						"v1",
						"journey",
						"views",
						"templates"
					],
					"query": [
						{
							"key": "namespaceName",
							"value": "sandbox"
						}
					]
				}
			},
			"response": []
		},
		{
			"name": "UC3 - Progressive Profile View Closed Caller",
			"event": [
				{
					"listen": "prerequest",
					"script": {
						"exec": [
							"pm.environment.set(\"encodedAlias\", btoa(\"+12263762555\"));",
							"console.log(pm.environment.get(\"encodedAlias\"));",
							""
						],
						"type": "text/javascript"
					}
				}
			],
			"protocolProfileBehavior": {
				"disableBodyPruning": true
			},
			"request": {
				"auth": {
					"type": "noauth"
				},
				"method": "GET",
				"header": [
					{
						"key": "Content-Type",
						"value": "application/json"
					},
					{
						"key": "Authorization",
						"value": "SharedAccessSignature so=cctsa&sn=sandbox&ss=profile&sp=rw&se=2125-10-29T20:20:27.017Z&your JDS key"
					}
				],
				"body": {
					"mode": "raw",
					"raw": "{\r\n    \"meta\": {\r\n        \"orgId\": \"cctsa\"\r\n    },\r\n    \"data\": {\r\n        \"name\": \"flintstonedemo-bmclella\",\r\n        \"personId\": \"635bd4f74b1d06ceab4add28\",\r\n        \"searchFilter\": \"\",\r\n        \"generatedAt\": \"2023-03-07T18:10:10.201Z\",\r\n        \"attributeView\": [\r\n            {\r\n                \"queryTemplate\": {\r\n                    \"version\": \"0.1\",\r\n                    \"event\": \"cjds:any\",\r\n                    \"metadataType\": \"string\",\r\n                    \"metadata\": \"phone\",\r\n                    \"limit\": 1,\r\n                    \"displayName\": \"Phone\",\r\n                    \"lookbackDurationType\": \"days\",\r\n                    \"lookbackPeriod\": 50,\r\n                    \"aggregationMode\": \"Value\",\r\n                    \"eventDataAggregators\": null,\r\n                    \"widgetAttributes\": {\r\n                        \"type\": \"table\"\r\n                    },\r\n                    \"verbose\": false\r\n                },\r\n                \"result\": \"18505590000\",\r\n                \"error\": null,\r\n                \"journeyEvents\": null,\r\n                \"hasError\": false\r\n            },\r\n            {\r\n                \"queryTemplate\": {\r\n                    \"version\": \"0.1\",\r\n                    \"event\": \"cjds:any\",\r\n                    \"metadataType\": \"string\",\r\n                    \"metadata\": \"email\",\r\n                    \"limit\": 1,\r\n                    \"displayName\": \"Email\",\r\n                    \"lookbackDurationType\": \"days\",\r\n                    \"lookbackPeriod\": 50,\r\n                    \"aggregationMode\": \"Value\",\r\n                    \"eventDataAggregators\": null,\r\n                    \"widgetAttributes\": {\r\n                        \"type\": \"table\"\r\n                    },\r\n                    \"verbose\": false\r\n                },\r\n                \"result\": \"mclellandemo@gmail.com\",\r\n                \"error\": null,\r\n                \"journeyEvents\": null,\r\n                \"hasError\": false\r\n            },\r\n            {\r\n                \"queryTemplate\": {\r\n                    \"version\": \"0.1\",\r\n                    \"event\": \"com.flintstone.account.savings.transaction\",\r\n                    \"metadataType\": \"integer\",\r\n                    \"metadata\": \"depositAmount\",\r\n                    \"limit\": 1,\r\n                    \"displayName\": \"Total Amount Deposited\",\r\n                    \"lookbackDurationType\": \"days\",\r\n                    \"lookbackPeriod\": 50,\r\n                    \"aggregationMode\": \"Sum\",\r\n                    \"eventDataAggregators\": null,\r\n                    \"widgetAttributes\": {\r\n                        \"type\": \"table\"\r\n                    },\r\n                    \"verbose\": true\r\n                },\r\n                \"result\": \"\",\r\n                \"error\": \"No matching entries\",\r\n                \"journeyEvents\": [],\r\n                \"hasError\": true\r\n            }\r\n        ]\r\n    }\r\n}"
				},
				"url": {
					"raw": "https://jds-us1.cjaas.cisco.com/v1/journey/views?personId={{encodedAlias}}&templateId=ClosedCaller",
					"protocol": "https",
					"host": [
						"jds-us1",
						"cjaas",
						"cisco",
						"com"
					],
					"path": [
						"v1",
						"journey",
						"views"
					],
					"query": [
						{
							"key": "personId",
							"value": "{{encodedAlias}}"
						},
						{
							"key": "templateId",
							"value": "ClosedCaller"
						}
					]
				}
			},
			"response": []
		},
		{
			"name": "UC3 - Create Journey Actions For Closed Callers",
			"event": [
				{
					"listen": "prerequest",
					"script": {
						"exec": [
							"pm.environment.set(\"encodedAlias\", btoa(\"12263762555\"));",
							"console.log(pm.environment.get(\"encodedAlias\"));",
							"",
							"",
							""
						],
						"type": "text/javascript"
					}
				}
			],
			"request": {
				"auth": {
					"type": "noauth"
				},
				"method": "POST",
				"header": [
					{
						"key": "Content-Type",
						"value": "application/json"
					},
					{
						"key": "Authorization",
						"value": "SharedAccessSignature so=cctsa&sn=sandbox&ss=action&sp=rw&se=2125-10-29T20:22:47.217Z&your JDS key"
					}
				],
				"body": {
					"mode": "raw",
					"raw": "{\r\n    \"name\": \"Closed Queue Action\",\r\n    \"organization\": \"cctsa\",\r\n    \"namespace\": \"sandbox\",\r\n    \"active\": true,\r\n    \"templateId\": \"ClosedCaller\",\r\n    \"cooldownPeriodInMinutes\": 1,\r\n    \"rules\": {\r\n        \"logic\": \"SINGLE\",\r\n        \"condition\": \"'Closed Queue','category','Count' EQ 2\"\r\n    },\r\n    \"actionTriggers\": [\r\n        {\r\n            \"Type\": \"Webhook\",\r\n            \"WebhookURL\": \"https://hooks.us.webexconnect.io/events/6M347NJ6HY\",\r\n            \"Attributes\": {\r\n                \"httpverb\": \"post\",\r\n                \"requestbody\": \"{\\\"SMS\\\":\\\"12263762555\\\",\\\"callID\\\":\\\"\\\",\\\"MessageToSend\\\":\\\"Hello there!\\\"}\"\r\n            }\r\n        }\r\n    ]\r\n}"
				},
				"url": {
					"raw": "https://jds-us1.cjaas.cisco.com/v1/journey/actions?namespaceName=sandbox",
					"protocol": "https",
					"host": [
						"jds-us1",
						"cjaas",
						"cisco",
						"com"
					],
					"path": [
						"v1",
						"journey",
						"actions"
					],
					"query": [
						{
							"key": "namespaceName",
							"value": "sandbox"
						}
					]
				}
			},
			"response": []
		},
		{
			"name": "UC3 - Get Journey Actions For Closed Callers",
			"event": [
				{
					"listen": "prerequest",
					"script": {
						"exec": [
							"pm.environment.set(\"encodedAlias\", btoa(\"12263762555\"));",
							"console.log(pm.environment.get(\"encodedAlias\"));",
							"",
							"",
							""
						],
						"type": "text/javascript"
					}
				}
			],
			"protocolProfileBehavior": {
				"disableBodyPruning": true
			},
			"request": {
				"auth": {
					"type": "noauth"
				},
				"method": "GET",
				"header": [
					{
						"key": "Content-Type",
						"value": "application/json"
					},
					{
						"key": "Authorization",
						"value": "SharedAccessSignature so=cctsa&sn=sandbox&ss=action&sp=rw&se=2125-10-29T20:22:47.217Z&your JDS key"
					}
				],
				"body": {
					"mode": "raw",
					"raw": ""
				},
				"url": {
					"raw": "https://jds-us1.cjaas.cisco.com/v1/journey/actions?namespaceName=sandbox",
					"protocol": "https",
					"host": [
						"jds-us1",
						"cjaas",
						"cisco",
						"com"
					],
					"path": [
						"v1",
						"journey",
						"actions"
					],
					"query": [
						{
							"key": "namespaceName",
							"value": "sandbox"
						}
					]
				}
			},
			"response": []
		},
		{
			"name": "UC3 - POST Unstaffed Closed Caller Info",
			"request": {
				"auth": {
					"type": "noauth"
				},
				"method": "POST",
				"header": [
					{
						"key": "Content-Type",
						"value": "application/json"
					},
					{
						"key": "Authorization",
						"value": "SharedAccessSignature so=cctsa&sn=sandbox&ss=ds&sp=rw&se=2125-10-29T20:17:19.669Z&your JDS key"
					}
				],
				"body": {
					"mode": "raw",
					"raw": "{  \"id\": \"{{$guid}}\",\n  \"specversion\": \"1.0\",\n  \"type\": \"Closed Queue\",\n  \"source\": \"Voice%20Contact\",\n  \"identity\": \"+12263762555\",\n  \"identitytype\": \"phone\",\n  \"datacontenttype\": \"application/json\",\n  \"data\": {\n    \"phone\": \"+12263762555\",\n    \"category\": \"Closed\",\n    \"origin\": \"Unstaffed While in Queue\",\n    \"channelType\": \"QueueCallMad\",\n    \"channelBreakout\": \"voice\"\n}}\n"
				},
				"url": {
					"raw": "https://jds-us1.cjaas.cisco.com/events/v1/journey",
					"protocol": "https",
					"host": [
						"jds-us1",
						"cjaas",
						"cisco",
						"com"
					],
					"path": [
						"events",
						"v1",
						"journey"
					]
				}
			},
			"response": []
		},
		{
			"name": "UC3 - POST Closed Caller Info",
			"request": {
				"auth": {
					"type": "noauth"
				},
				"method": "POST",
				"header": [
					{
						"key": "Content-Type",
						"value": "application/json"
					},
					{
						"key": "Authorization",
						"value": "SharedAccessSignature so=cctsa&sn=sandbox&ss=ds&sp=rw&se=2125-10-29T20:17:19.669Z&your JDS key"
					}
				],
				"body": {
					"mode": "raw",
					"raw": "{  \"id\": \"{{$guid}}\",\n  \"specversion\": \"1.0\",\n  \"type\": \"Closed Queue\",\n  \"source\": \"Voice%20Contact\",\n  \"identity\": \"+12263762555\",\n  \"identitytype\": \"phone\",\n  \"datacontenttype\": \"application/json\",\n  \"data\": {\n    \"phone\": \"+12263762555\",\n    \"category\": \"Closed\",\n    \"origin\": \"Unstaffed While in Queue\",\n    \"channelType\": \"QueueCallMad\",\n    \"channelBreakout\": \"voice\"\n}}\n"
				},
				"url": {
					"raw": "https://jds-us1.cjaas.cisco.com/events/v1/journey",
					"protocol": "https",
					"host": [
						"jds-us1",
						"cjaas",
						"cisco",
						"com"
					],
					"path": [
						"events",
						"v1",
						"journey"
					]
				}
			},
			"response": []
		},
		{
			"name": "Post Event - Icon Example",
			"request": {
				"auth": {
					"type": "noauth"
				},
				"method": "POST",
				"header": [
					{
						"key": "Content-Type",
						"value": "application/json"
					},
					{
						"key": "Authorization",
						"value": "SharedAccessSignature so=cctsa&sn=sandbox&ss=ds&sp=rw&se=2125-10-29T20:17:19.669Z&your JDS key"
					}
				],
				"body": {
					"mode": "raw",
					"raw": "{  \"id\": \"{{$guid}}\",\n  \"specversion\": \"1.0\",\n  \"type\": \"Icons\",\n  \"source\": \"Postman\",\n  \"identity\": \"18505590000\",\n  \"identitytype\": \"phone\",\n  \"datacontenttype\": \"application/json\",\n  \"data\": {\n    \"phone\": \"18505590000\",\n    \"status\": \"overdue\",\n    \"origin\": \"Test 5 - My title\",\n    \"channelType\": \"Test 5\",\n    \"channelBreakout\": \"sms\"\n}}\n"
				},
				"url": {
					"raw": "https://jds-us1.cjaas.cisco.com/events/v1/journey",
					"protocol": "https",
					"host": [
						"jds-us1",
						"cjaas",
						"cisco",
						"com"
					],
					"path": [
						"events",
						"v1",
						"journey"
					]
				}
			},
			"response": []
		},
		{
			"name": "Get Identity",
			"event": [
				{
					"listen": "prerequest",
					"script": {
						"exec": [
							"pm.environment.set(\"encodedAlias\", btoa(\"17763762556\"));",
							"console.log(pm.environment.get(\"encodedAlias\"));",
							"",
							"",
							""
						],
						"type": "text/javascript"
					}
				}
			],
			"protocolProfileBehavior": {
				"disableBodyPruning": true
			},
			"request": {
				"auth": {
					"type": "noauth"
				},
				"method": "GET",
				"header": [
					{
						"key": "Content-Type",
						"value": "application/json"
					},
					{
						"key": "Authorization",
						"value": "SharedAccessSignature so=cctsa&sn=sandbox&ss=idmt&sp=rw&se=2125-10-29T20:44:10.984Z&your JDS key"
					}
				],
				"body": {
					"mode": "raw",
					"raw": ""
				},
				"url": {
					"raw": "https://jds-us1.cjaas.cisco.com/v1/journey/identities?aliases={{encodedAlias}}",
					"protocol": "https",
					"host": [
						"jds-us1",
						"cjaas",
						"cisco",
						"com"
					],
					"path": [
						"v1",
						"journey",
						"identities"
					],
					"query": [
						{
							"key": "aliases",
							"value": "{{encodedAlias}}"
						}
					]
				}
			},
			"response": []
		},
		{
			"name": "Replace All Aliases of an Identity",
			"event": [
				{
					"listen": "prerequest",
					"script": {
						"exec": [
							"pm.environment.set(\"encodedAlias\", btoa(\"4689557617731186\"));",
							"console.log(pm.environment.get(\"encodedAlias\"));",
							"",
							"",
							""
						],
						"type": "text/javascript"
					}
				}
			],
			"request": {
				"auth": {
					"type": "noauth"
				},
				"method": "PUT",
				"header": [
					{
						"key": "Content-Type",
						"value": "application/json"
					},
					{
						"key": "Authorization",
						"value": "SharedAccessSignature so=cctsa&sn=sandbox&ss=idmt&sp=rw&se=2125-10-29T20:44:10.984Z&your JDS key"
					}
				],
				"body": {
					"mode": "raw",
					"raw": "{\r\n    \"id\": \"OXOUxF5GHQI63TlKFr8hRnTbtJYtLpUAm\",\r\n    \"createdAt\": \"2023-04-03T23:49:38.2380000Z\",\r\n    \"modifiedAt\": \"2023-04-03T23:55:35.8250000Z\",\r\n    \"firstName\": \"Barry\",\r\n    \"lastName\": \"McLellan\",\r\n    \"identities\": [\r\n        {\r\n            \"type\": \"customerId\",\r\n            \"values\": [\r\n                \"2345556666\"\r\n            ]\r\n        },\r\n        {\r\n            \"type\": \"email\",\r\n            \"values\": [\r\n                \"bmclellan@thisplace.com\"\r\n            ]\r\n        },\r\n        {\r\n            \"type\": \"phone\",\r\n            \"values\": [\r\n                \"+12263762222\",\r\n                \"+12123435678\"\r\n            ]\r\n        }\r\n    ]\r\n}"
				},
				"url": {
					"raw": "https://jds-us1.cjaas.cisco.com/v1/journey/identities/OXOUxF5GHQI63TlKFr8hRnTbtJYtLpUAm",
					"protocol": "https",
					"host": [
						"jds-us1",
						"cjaas",
						"cisco",
						"com"
					],
					"path": [
						"v1",
						"journey",
						"identities",
						"OXOUxF5GHQI63TlKFr8hRnTbtJYtLpUAm"
					]
				}
			},
			"response": []
		},
		{
			"name": "Merge one/more Identities to a Primary",
			"request": {
				"auth": {
					"type": "noauth"
				},
				"method": "POST",
				"header": [
					{
						"key": "Content-Type",
						"value": "application/json"
					},
					{
						"key": "Authorization",
						"value": "SharedAccessSignature so=cctsa&sn=sandbox&ss=idmt&sp=rw&se=2125-10-29T20:44:10.984Z&your JDS key"
					}
				],
				"body": {
					"mode": "raw",
					"raw": "{\n  \"identitiesToMerge\": [\n    \"Gyot6FwjIpZup4to1FGZiaWUgtlJSA0fGe\"\n  ]\n}\n"
				},
				"url": {
					"raw": "https://jds-us1.cjaas.cisco.com/v1/journey/identities:merge/OXOUxF5GHQI63TlKFr8hRnTbtJYtLpUAm",
					"protocol": "https",
					"host": [
						"jds-us1",
						"cjaas",
						"cisco",
						"com"
					],
					"path": [
						"v1",
						"journey",
						"identities:merge",
						"OXOUxF5GHQI63TlKFr8hRnTbtJYtLpUAm"
					]
				}
			},
			"response": []
		},
		{
			"name": "Create Identity",
			"request": {
				"auth": {
					"type": "noauth"
				},
				"method": "POST",
				"header": [
					{
						"key": "Content-Type",
						"value": "application/json"
					},
					{
						"key": "Authorization",
						"value": "SharedAccessSignature so=cctsa&sn=sandbox&ss=idmt&sp=rw&se=2125-10-29T20:44:10.984Z&your JDS key"
					}
				],
				"body": {
					"mode": "raw",
					"raw": "{\r\n    \"firstName\": \"Barry\",\r\n    \"lastName\": \"McLellan\",\r\n    \"identities\": [\r\n        {\r\n            \"type\": \"email\",\r\n            \"values\": [\r\n                \"bmclellan@thatplace.com\"\r\n            ]\r\n        }\r\n    ]\r\n}"
				},
				"url": {
					"raw": "https://jds-us1.cjaas.cisco.com/v1/journey/identities",
					"protocol": "https",
					"host": [
						"jds-us1",
						"cjaas",
						"cisco",
						"com"
					],
					"path": [
						"v1",
						"journey",
						"identities"
					]
				}
			},
			"response": []
		},
		{
			"name": "Delete Identity",
			"request": {
				"auth": {
					"type": "noauth"
				},
				"method": "DELETE",
				"header": [
					{
						"key": "Content-Type",
						"value": "application/json"
					},
					{
						"key": "Authorization",
						"value": "SharedAccessSignature so=cctsa&sn=sandbox&ss=idmt&sp=rw&se=2125-10-29T20:44:10.984Z&your JDS key"
					}
				],
				"body": {
					"mode": "raw",
					"raw": "{\r\n    \"firstName\": \"Barry9\",\r\n    \"lastName\": \"Test9\",\r\n    \"identities\": [\r\n        {\r\n            \"type\": \"customerID\",\r\n            \"values\": [\r\n                \"1122335560\"\r\n            ]\r\n        },\r\n        {\r\n            \"type\": \"email\",\r\n            \"values\": [\r\n                \"Firstjohndoe@domain60.com\"\r\n            ]\r\n        },\r\n        {\r\n            \"type\": \"phone\",\r\n            \"values\": [\r\n                \"+5552220110\"\r\n            ]\r\n        }\r\n    ]\r\n}"
				},
				"url": {
					"raw": "https://jds-us1.cjaas.cisco.com/v1/journey/identities/dGqF4FGAIYYhgcGwuxnIrEsWWfBIo9H7v",
					"protocol": "https",
					"host": [
						"jds-us1",
						"cjaas",
						"cisco",
						"com"
					],
					"path": [
						"v1",
						"journey",
						"identities",
						"dGqF4FGAIYYhgcGwuxnIrEsWWfBIo9H7v"
					]
				}
			},
			"response": []
		},
		{
			"name": "Add Alias To an Identity",
			"request": {
				"auth": {
					"type": "noauth"
				},
				"method": "POST",
				"header": [
					{
						"key": "Content-Type",
						"value": "application/json"
					},
					{
						"key": "Authorization",
						"value": "SharedAccessSignature so=cctsa&sn=sandbox&ss=idmt&sp=rw&se=2125-10-29T20:44:10.984Z&your JDS key"
					}
				],
				"body": {
					"mode": "raw",
					"raw": "{\n  \"identities\": [\n    {\n      \"type\": \"phone\",\n      \"values\": [\n        \"13334445321\",\"+12123435678\"\n      ]\n    } \n  ]\n}"
				},
				"url": {
					"raw": "https://jds-us1.cjaas.cisco.com/v1/journey/identities/OXOUxF5GHQI63TlKFr8hRnTbtJYtLpUAm/aliases",
					"protocol": "https",
					"host": [
						"jds-us1",
						"cjaas",
						"cisco",
						"com"
					],
					"path": [
						"v1",
						"journey",
						"identities",
						"OXOUxF5GHQI63TlKFr8hRnTbtJYtLpUAm",
						"aliases"
					]
				}
			},
			"response": []
		},
		{
			"name": "Delete Alias from Identity",
			"event": [
				{
					"listen": "prerequest",
					"script": {
						"exec": [
							"pm.environment.set(\"encodedPerson\", btoa(\"bmclella@cisco.com\"));\r",
							"console.log(pm.environment.get(\"encodedPerson\"));"
						],
						"type": "text/javascript"
					}
				}
			],
			"request": {
				"auth": {
					"type": "noauth"
				},
				"method": "DELETE",
				"header": [
					{
						"key": "Content-Type",
						"value": "application/json"
					},
					{
						"key": "Authorization",
						"value": "SharedAccessSignature so=cctsa&sn=sandbox&ss=idmt&sp=rw&se=2125-10-29T20:44:10.984Z&your JDS key"
					}
				],
				"body": {
					"mode": "raw",
					"raw": ""
				},
				"url": {
					"raw": "https://jds-us1.cjaas.cisco.com/v1/journey/identities/pO4unU1xIj5syI40femhOsJxh0oCvfAz/aliases?aliases={{encodedPerson}}",
					"protocol": "https",
					"host": [
						"jds-us1",
						"cjaas",
						"cisco",
						"com"
					],
					"path": [
						"v1",
						"journey",
						"identities",
						"pO4unU1xIj5syI40femhOsJxh0oCvfAz",
						"aliases"
					],
					"query": [
						{
							"key": "aliases",
							"value": "{{encodedPerson}}"
						}
					]
				}
			},
			"response": []
		}
	]
}