﻿{
  "social": {
  "name": "icon-contact-group_16",
  "color": "mint"
  },
  "SMS": {
    "name": "icon-sms_16",
    "color": "mint"
  },
  "Telephony": {
    "name": "icon-handset-active_16",
    "color": "green"
  },
  "Voice": {
    "name": "icon-handset-active_16",
    "color": "green"
  },
  "Chat": {
    "name": "icon-chat-active_16",
    "color": "cobalt"
  },
  "Email": {
    "name": "icon-email-active_16",
    "color": "violet"
  },
  "Messenger": {
    "name": "icon-messenger_16",
    "color": "cobalt"
  },
  "task": {
    "name": "icon-tasks_16",
    "color": "yellow"
  },
  "Login": {
    "name": "icon-sign-in_24",
    "color": "gold"
  },
  "Page Visit": {
    "name": "icon-mouse-cursor_16",
    "color": "grey"
  },
  "Entered ZipCode": {
    "name": "icon-location_16",
    "color": "cyan"
  },
  "Identify": {
    "name": "icon-user_16",
    "color": "blue"
  },
  "Quote": {
    "name": "icon-file-spreadsheet_16",
    "color": "cobalt",
    "showcase": "firstName"
  },
  "NPS.*": {
    "name": "icon-analysis_16",
    "color": "red"
  },
  "Initiated Walk In": {
    "name": "icon-audio-video_16",
    "color": "orange"
  },
  "IMI_Inbound": {
    "name": "icon-call-incoming_16",
    "color": "green"
  },
  "IMI_Outbound": {
    "name": "icon-call-outgoing_16",
    "color": "darkmint"
  },
  "Trigger Sent to Server": {
    "name": "icon-event_16",
    "color": "violet",
    "showcase": "user"
  },
  "Survey Response Collected": {
    "name": "icon-report_16",
    "color": "gold"
  },
  "whatsApp": {
    "name": "icon-whatsApp_16",
    "color": "green"
  },
  "calendarDate": {
    "name": "icon-calendar-month_16",
    "color": "green"
  },
  "emoticon-passive": {
    "name": "icon-emoticon-passive_24",
    "color": "yellow"
  },
  "emoticon-sad": {
    "name": "icon-emoticon-sad_24",
    "color": "red"
  },
  "e0y": {
    "name": "icon-emoticons_16",
    "color": "green"
  },
  "OTP-pass": {
    "name": "icon-private-circle_16",
    "color": "green"
  },
  "OTP-fail": {
    "name": "icon-private-circle_16",
    "color": "red"
  },
  "Information": {
    "name": "icon-info_16",
    "color": "gold"
  },
  "Webex": {
    "name": "icon-webex-teams_16",
    "color": "purple"
  },
  "FBbot": {
    "name": "icon-bot-customer-assistant_16",
    "color": "blue"
  },
  "bot": {
    "name": "icon-bot-customer-assistant_16",
    "color": "orange"
  },
  "botmad": {
    "name": "icon-bot-expert-assistant_16",
    "color": "red"
  },
  "Callback": {
    "name": "icon-icon-callback_16",
    "color": "purple"
  },
  "WrapCode": {
    "name": "icon-favorite-active_16",
    "color": "orange"
  },
  "Location": {
    "name": "icon-location_16",
    "color": "green"
  },
  "Pending": {
    "name": "icon-pen_16",
    "color": "blue"
  },
  "Review": {
    "name": "icon-pen_16",
    "color": "red"
  },
  "In Progress": {
    "name": "icon-pen_16",
    "color": "yellow"
  },
  "Completed": {
    "name": "icon-pen_16",
    "color": "green"
  },
  "Weather": {
    "name": "icon-cloud_16",
    "color": "blue"
  },
  "Bill Pay Success": {
    "name": "icon-pen_16",
    "color": "green"
  },
  "Bill Pay Fail": {
    "name": "icon-pen_16",
    "color": "red"
  },
  "Payment": {
    "name": "icon-pen_16",
    "color": "blue"
  },
  "Payment Paid": {
    "name": "icon-pen_16",
    "color": "green"
  },
  "Payment Notify": {
    "name": "icon-pen_16",
    "color": "red"
  },
  "Attendance": {
    "name": "icon-calendar-month_16",
    "color": "yellow"
  },
  "WebexInquiry": {
    "name": "icon-webex-teams_16",
    "color": "blue"
  },
  "WebexInquiryCompleted": {
    "name": "icon-webex-teams_16",
    "color": "yellow"
  },
  "WebexInquiryAnswered": {
    "name": "icon-webex-teams_16",
    "color": "green"
  },
  "Status Change": {
    "name": "icon-pen_16",
    "color": "red"
  },
  "Notes": {
    "name": "icon-pen_16",
    "color": "yellow"
  },
  "Reported Spam": {
    "name": "icon-participant-blocked_14",
    "color": "red"
  },
  "email-sad": {
    "name": "icon-emoticon-sad_24",
    "color": "red"
  },
  "email-happy": {
    "name": "icon-emoticons_16",
    "color": "green"
  },
  "email-neutral": {
    "name": "icon-emoticon-passive_24",
    "color": "yellow"
  },
  "email-template": {
    "name": "icon-email-active_16",
    "color": "yellow"
  },
  "survey-sad": {
    "name": "icon-emoticon-sad_24",
    "color": "red"
  },
  "survey-happy": {
    "name": "icon-emoticons_16",
    "color": "green"
  },
  "survey-neutral": {
    "name": "icon-emoticon-passive_24",
    "color": "yellow"
  },
  "outage-alert": {
    "name": "icon-alert_16",
    "color": "yellow"
  },
  "outage-active": {
    "name": "icon-alert_16",
    "color": "red"
  },
  "outage-fixed": {
    "name": "icon-alert_16",
    "color": "blue"
  },
  "outage-agent": {
    "name": "icon-angellist_16",
    "color": "green"
  }
}