[
    {
        "number": 0,
        "name": "Test network - wireless WiFi",
        "enabled": true,
        "splashPage": "None",
        "ssidAdminAccessible": false,
        "authMode": "open",
        "dot11r": {
            "enabled": false,
            "adaptive": false
        },
        "ipAssignmentMode": "NAT mode",
        "minBitrate": 11,
        "bandSelection": "Dual band operation",
        "perClientBandwidthLimitUp": 0,
        "perClientBandwidthLimitDown": 0,
        "perSsidBandwidthLimitUp": 0,
        "perSsidBandwidthLimitDown": 0,
        "mandatoryDhcpEnabled": false,
        "visible": true,
        "availableOnAllAps": true,
        "availabilityTags": []
    },
    {
        "number": 1,
        "name": "Unconfigured SSID 2",
        "enabled": false,
        "splashPage": "None",
        "ssidAdminAccessible": false,
        "authMode": "open",
        "dot11r": {
            "enabled": false,
            "adaptive": false
        },
        "ipAssignmentMode": "NAT mode",
        "minBitrate": 11,
        "bandSelection": "Dual band operation",
        "perClientBandwidthLimitUp": 0,
        "perClientBandwidthLimitDown": 0,
        "perSsidBandwidthLimitUp": 0,
        "perSsidBandwidthLimitDown": 0,
        "mandatoryDhcpEnabled": false,
        "visible": true,
        "availableOnAllAps": true,
        "availabilityTags": []
    },
    {
        "number": 2,
        "name": "Unconfigured SSID 3",
        "enabled": false,
        "splashPage": "None",
        "ssidAdminAccessible": false,
        "authMode": "open",
        "dot11r": {
            "enabled": false,
            "adaptive": false
        },
        "ipAssignmentMode": "NAT mode",
        "minBitrate": 11,
        "bandSelection": "Dual band operation",
        "perClientBandwidthLimitUp": 0,
        "perClientBandwidthLimitDown": 0,
        "perSsidBandwidthLimitUp": 0,
        "perSsidBandwidthLimitDown": 0,
        "mandatoryDhcpEnabled": false,
        "visible": true,
        "availableOnAllAps": true,
        "availabilityTags": []
    },
    {
        "number": 3,
        "name": "Unconfigured SSID 4",
        "enabled": false,
        "splashPage": "None",
        "ssidAdminAccessible": false,
        "authMode": "open",
        "dot11r": {
            "enabled": false,
            "adaptive": false
        },
        "ipAssignmentMode": "NAT mode",
        "minBitrate": 11,
        "bandSelection": "Dual band operation",
        "perClientBandwidthLimitUp": 0,
        "perClientBandwidthLimitDown": 0,
        "perSsidBandwidthLimitUp": 0,
        "perSsidBandwidthLimitDown": 0,
        "mandatoryDhcpEnabled": false,
        "visible": true,
        "availableOnAllAps": true,
        "availabilityTags": []
    },
    {
        "number": 4,
        "name": "Unconfigured SSID 5",
        "enabled": false,
        "splashPage": "None",
        "ssidAdminAccessible": false,
        "authMode": "open",
        "dot11r": {
            "enabled": false,
            "adaptive": false
        },
        "ipAssignmentMode": "NAT mode",
        "minBitrate": 11,
        "bandSelection": "Dual band operation",
        "perClientBandwidthLimitUp": 0,
        "perClientBandwidthLimitDown": 0,
        "perSsidBandwidthLimitUp": 0,
        "perSsidBandwidthLimitDown": 0,
        "mandatoryDhcpEnabled": false,
        "visible": true,
        "availableOnAllAps": true,
        "availabilityTags": []
    },
    {
        "number": 5,
        "name": "Unconfigured SSID 6",
        "enabled": false,
        "splashPage": "None",
        "ssidAdminAccessible": false,
        "authMode": "open",
        "dot11r": {
            "enabled": false,
            "adaptive": false
        },
        "ipAssignmentMode": "NAT mode",
        "minBitrate": 11,
        "bandSelection": "Dual band operation",
        "perClientBandwidthLimitUp": 0,
        "perClientBandwidthLimitDown": 0,
        "perSsidBandwidthLimitUp": 0,
        "perSsidBandwidthLimitDown": 0,
        "mandatoryDhcpEnabled": false,
        "visible": true,
        "availableOnAllAps": true,
        "availabilityTags": []
    },
    {
        "number": 6,
        "name": "Unconfigured SSID 7",
        "enabled": false,
        "splashPage": "None",
        "ssidAdminAccessible": false,
        "authMode": "open",
        "dot11r": {
            "enabled": false,
            "adaptive": false
        },
        "ipAssignmentMode": "NAT mode",
        "minBitrate": 11,
        "bandSelection": "Dual band operation",
        "perClientBandwidthLimitUp": 0,
        "perClientBandwidthLimitDown": 0,
        "perSsidBandwidthLimitUp": 0,
        "perSsidBandwidthLimitDown": 0,
        "mandatoryDhcpEnabled": false,
        "visible": true,
        "availableOnAllAps": true,
        "availabilityTags": []
    },
    {
        "number": 7,
        "name": "Unconfigured SSID 8",
        "enabled": false,
        "splashPage": "None",
        "ssidAdminAccessible": false,
        "authMode": "open",
        "dot11r": {
            "enabled": false,
            "adaptive": false
        },
        "ipAssignmentMode": "NAT mode",
        "minBitrate": 11,
        "bandSelection": "Dual band operation",
        "perClientBandwidthLimitUp": 0,
        "perClientBandwidthLimitDown": 0,
        "perSsidBandwidthLimitUp": 0,
        "perSsidBandwidthLimitDown": 0,
        "mandatoryDhcpEnabled": false,
        "visible": true,
        "availableOnAllAps": true,
        "availabilityTags": []
    },
    {
        "number": 8,
        "name": "Unconfigured SSID 9",
        "enabled": false,
        "splashPage": "None",
        "ssidAdminAccessible": false,
        "authMode": "open",
        "dot11r": {
            "enabled": false,
            "adaptive": false
        },
        "ipAssignmentMode": "NAT mode",
        "minBitrate": 11,
        "bandSelection": "Dual band operation",
        "perClientBandwidthLimitUp": 0,
        "perClientBandwidthLimitDown": 0,
        "perSsidBandwidthLimitUp": 0,
        "perSsidBandwidthLimitDown": 0,
        "mandatoryDhcpEnabled": false,
        "visible": true,
        "availableOnAllAps": true,
        "availabilityTags": []
    },
    {
        "number": 9,
        "name": "Unconfigured SSID 10",
        "enabled": false,
        "splashPage": "None",
        "ssidAdminAccessible": false,
        "authMode": "open",
        "dot11r": {
            "enabled": false,
            "adaptive": false
        },
        "ipAssignmentMode": "NAT mode",
        "minBitrate": 11,
        "bandSelection": "Dual band operation",
        "perClientBandwidthLimitUp": 0,
        "perClientBandwidthLimitDown": 0,
        "perSsidBandwidthLimitUp": 0,
        "perSsidBandwidthLimitDown": 0,
        "mandatoryDhcpEnabled": false,
        "visible": true,
        "availableOnAllAps": true,
        "availabilityTags": []
    },
    {
        "number": 10,
        "name": "Unconfigured SSID 11",
        "enabled": false,
        "splashPage": "None",
        "ssidAdminAccessible": false,
        "authMode": "open",
        "dot11r": {
            "enabled": false,
            "adaptive": false
        },
        "ipAssignmentMode": "NAT mode",
        "minBitrate": 11,
        "bandSelection": "Dual band operation",
        "perClientBandwidthLimitUp": 0,
        "perClientBandwidthLimitDown": 0,
        "perSsidBandwidthLimitUp": 0,
        "perSsidBandwidthLimitDown": 0,
        "mandatoryDhcpEnabled": false,
        "visible": true,
        "availableOnAllAps": true,
        "availabilityTags": []
    },
    {
        "number": 11,
        "name": "Unconfigured SSID 12",
        "enabled": false,
        "splashPage": "None",
        "ssidAdminAccessible": false,
        "authMode": "open",
        "dot11r": {
            "enabled": false,
            "adaptive": false
        },
        "ipAssignmentMode": "NAT mode",
        "minBitrate": 11,
        "bandSelection": "Dual band operation",
        "perClientBandwidthLimitUp": 0,
        "perClientBandwidthLimitDown": 0,
        "perSsidBandwidthLimitUp": 0,
        "perSsidBandwidthLimitDown": 0,
        "mandatoryDhcpEnabled": false,
        "visible": true,
        "availableOnAllAps": true,
        "availabilityTags": []
    },
    {
        "number": 12,
        "name": "Unconfigured SSID 13",
        "enabled": false,
        "splashPage": "None",
        "ssidAdminAccessible": false,
        "authMode": "open",
        "dot11r": {
            "enabled": false,
            "adaptive": false
        },
        "ipAssignmentMode": "NAT mode",
        "minBitrate": 11,
        "bandSelection": "Dual band operation",
        "perClientBandwidthLimitUp": 0,
        "perClientBandwidthLimitDown": 0,
        "perSsidBandwidthLimitUp": 0,
        "perSsidBandwidthLimitDown": 0,
        "mandatoryDhcpEnabled": false,
        "visible": true,
        "availableOnAllAps": true,
        "availabilityTags": []
    },
    {
        "number": 13,
        "name": "Unconfigured SSID 14",
        "enabled": false,
        "splashPage": "None",
        "ssidAdminAccessible": false,
        "authMode": "open",
        "dot11r": {
            "enabled": false,
            "adaptive": false
        },
        "ipAssignmentMode": "NAT mode",
        "minBitrate": 11,
        "bandSelection": "Dual band operation",
        "perClientBandwidthLimitUp": 0,
        "perClientBandwidthLimitDown": 0,
        "perSsidBandwidthLimitUp": 0,
        "perSsidBandwidthLimitDown": 0,
        "mandatoryDhcpEnabled": false,
        "visible": true,
        "availableOnAllAps": true,
        "availabilityTags": []
    },
    {
        "number": 14,
        "name": "Unconfigured SSID 15",
        "enabled": false,
        "splashPage": "None",
        "ssidAdminAccessible": false,
        "authMode": "open",
        "dot11r": {
            "enabled": false,
            "adaptive": false
        },
        "ipAssignmentMode": "NAT mode",
        "minBitrate": 11,
        "bandSelection": "Dual band operation",
        "perClientBandwidthLimitUp": 0,
        "perClientBandwidthLimitDown": 0,
        "perSsidBandwidthLimitUp": 0,
        "perSsidBandwidthLimitDown": 0,
        "mandatoryDhcpEnabled": false,
        "visible": true,
        "availableOnAllAps": true,
        "availabilityTags": []
    }
]