<?xml version="1.0" encoding="ISO-8859-1" ?>
<HOLIDAYS>
	<HOLIDAY ID='1'>01/01/2009</HOLIDAY>
	<HOLIDAY ID='2'>07/03/2009</HOLIDAY>
	<HOLIDAY ID='3'>11/27/2009</HOLIDAY>
	<HOLIDAY ID='4'>11/27/2009</HOLIDAY>	
	<HOLIDAY ID='5'>07/25/2008</HOLIDAY>
	<HOLIDAY ID='6'>01/01/2010</HOLIDAY>	
	<HOLIDAY ID='7'></HOLIDAY>	
	<HOLIDAY ID='8'></HOLIDAY>
	<HOLIDAY ID='9'></HOLIDAY>
	<HOLIDAY ID='10'></HOLIDAY>
	<HOLIDAY ID='11'></HOLIDAY>
	<HOLIDAY ID='12'></HOLIDAY>
	<HOLIDAY ID='13'></HOLIDAY>
	<HOLIDAY ID='14'></HOLIDAY>	
	<HOLIDAY ID='15'></HOLIDAY>
</HOLIDAYS>