{"orgId":"12700722-cd25-46b9-971e-ed0ce9f140c6","version":2,"id":"6435b3a2299c7d2455f4d476","name":"bmclella_LastAgentRouting_demo","description":"","comment":"","variables":[{"name":"Email","description":"","type":"STRING","value":"bmclella@cisco.com","isCAD":true,"desktopLabel":"Email","isAgentEditable":true,"source":"","isReportable":false,"overwrite":false,"isSecure":false,"id":""},{"name":"AgentLoginID","description":"","type":"STRING","value":"bmclella_agent1@email.carehybrid.com","isCAD":true,"desktopLabel":"Agent","isAgentEditable":false,"source":"","isReportable":false,"overwrite":false,"isSecure":false,"id":""},{"name":"Address","description":"","type":"STRING","value":"123 My Place","isCAD":true,"desktopLabel":"Address","isAgentEditable":true,"source":"","isReportable":false,"overwrite":false,"isSecure":false,"id":""},{"name":"FirstName","description":"","type":"STRING","value":"Barry","isCAD":true,"desktopLabel":"First Name","isAgentEditable":true,"source":"","isReportable":false,"overwrite":false,"isSecure":false,"id":""},{"name":"LastName","description":"","type":"STRING","value":"McLellan","isCAD":true,"desktopLabel":"Last Name","isAgentEditable":true,"source":"","isReportable":false,"overwrite":false,"isSecure":false,"id":""},{"name":"OrginalChannel","description":"","type":"STRING","value":null,"isCAD":true,"desktopLabel":"Escalation From","isAgentEditable":false,"source":"","isReportable":false,"overwrite":false,"isSecure":false,"id":""},{"name":"ReasonForEscalation","description":"","type":"STRING","value":null,"isCAD":true,"desktopLabel":"Reason For Escalation","isAgentEditable":false,"source":"","isReportable":false,"overwrite":false,"isSecure":false,"id":""},{"name":"Global_FeedbackSurveyOptIn","description":"System-defined variable that indicates if the caller opts in to complete a feedback survey","type":"STRING","value":"uninitialized","isCAD":true,"desktopLabel":"Post Call Survey Opt-in","isAgentEditable":true,"source":"GLOBAL","isReportable":true,"overwrite":false,"isSecure":false,"id":"dceda4af-7816-11ec-ad77-12ae06263809"},{"name":"Global_Language","description":"System-defined variable to store the language","type":"STRING","value":"en-US","isCAD":true,"desktopLabel":"Customer Language","isAgentEditable":false,"source":"GLOBAL","isReportable":true,"overwrite":false,"isSecure":false,"id":"dcf24481-7816-11ec-ad77-12ae06263809"}],"process":{"activities":{"2e454a22-3b8f-4ae8-b8be-7098119b3b6e":{"id":"2e454a22-3b8f-4ae8-b8be-7098119b3b6e","name":"QueueToAgent","group":"action","properties":{"recoveryQueue:type":"LONGEST_AVAILABLE_AGENT","reportingQueue":"AXj7J67QX-tU5CjVIxNA","activityName":"queue-to-agent","description":"","priority":"1","priority:type":null,"priorityRadioGroup":"staticPriority","reportingQueue:type":"LONGEST_AVAILABLE_AGENT","destinationLookupType":"agentEmail","activityId":"628d7efd4ba3176df6ce0088","reportingQueue_type":"LONGEST_AVAILABLE_AGENT","priority_type":null,"priorityToggle":true,"destinationLookupType:type":null,"priorityVariable":null,"destinationVariable":"{{AgentLoginID}}","name":"QueueToAgent","destinationLookupType_type":null,"recoveryQueue_type":"LONGEST_AVAILABLE_AGENT","recoveryQueue":"AXj7J67QX-tU5CjVIxNA","_renderRequestTimestamp":1681240992716,"parkContactToggle":true}},"dcde90f3-b7fd-426f-b6af-8d61fbf2cf8d":{"id":"dcde90f3-b7fd-426f-b6af-8d61fbf2cf8d","name":"QueueContact","group":"action","properties":{"fallbackQueue":"AXj7J67QX-tU5CjVIxNA","queueRadioGroup":"variableQueue","fallbackQueue_type":"LONGEST_AVAILABLE_AGENT","fallbackQueue:type":"LONGEST_AVAILABLE_AGENT","destination":null,"activityName":"queue-contact","description":"","toggle":true,"priority":"1","priority:type":null,"agentAvailabilityRadioGroup":null,"priorityRadioGroup":"staticPriority","skills":null,"activityId":"5f114550ef5cfc454fbbf133","priority_type":null,"priorityVariable":null,"destinationVariable":"{{QueueToAgent.RecoveryQueueId}}","name":"QueueContact","toggleAgentAvailability":false,"agentAvailabilityVariable":null,"_renderRequestTimestamp":1681240992716}},"4bc37eb3-7e10-4da1-8844-ffbaa4fb7604":{"id":"4bc37eb3-7e10-4da1-8844-ffbaa4fb7604","name":"EndFlow_402","group":"end","properties":{"name":"EndFlow_402","activityName":"end","activityId":"end","_renderRequestTimestamp":1681240992716}},"feac853c-99bf-43f3-8140-036d00a2fd13":{"id":"feac853c-99bf-43f3-8140-036d00a2fd13","name":"NewPhoneContact","group":"start","properties":{"activityId":"start","name":"NewPhoneContact","activityName":"NewPhoneContact","description":"","event":"NewPhoneContact","_renderRequestTimestamp":1681240992716,"flowType":{"eventSourceId":"5eff0e2eb10162499bc9f932","eventClassificationId":"5f10475cf021306e89e1692c","eventSpecificationId":"5f2d02144332507e39cc8a7f","eventSourceName":"WebexContactCenter","eventClassificationName":"VoiceInteractions","eventSpecificationName":"ContactStartWorkflow"}}}},"links":[{"id":"74237d8c-d83f-4198-9163-3ad60d81e23b","sourceActivityId":"2e454a22-3b8f-4ae8-b8be-7098119b3b6e","targetActivityId":"dcde90f3-b7fd-426f-b6af-8d61fbf2cf8d","conditionExpr":"error","properties":{"value":"error"}},{"id":"0fce7ed6-cf4f-4552-93b0-7d3162c30ea5","sourceActivityId":"dcde90f3-b7fd-426f-b6af-8d61fbf2cf8d","targetActivityId":"4bc37eb3-7e10-4da1-8844-ffbaa4fb7604","conditionExpr":"default","properties":{"value":"default"}},{"id":"9c06ebb4-9ea1-49b7-aab2-28beb2a923bb","sourceActivityId":"2e454a22-3b8f-4ae8-b8be-7098119b3b6e","targetActivityId":"4bc37eb3-7e10-4da1-8844-ffbaa4fb7604","conditionExpr":"default","properties":{"value":"default"}},{"id":"1dac458d-4d9f-49c1-9e94-85a5a8f6c57a","sourceActivityId":"feac853c-99bf-43f3-8140-036d00a2fd13","targetActivityId":"2e454a22-3b8f-4ae8-b8be-7098119b3b6e","conditionExpr":"out","properties":{"value":"out"}}]},"diagram":{"widgets":{"2e454a22-3b8f-4ae8-b8be-7098119b3b6e":{"id":"28dff063-afd2-446d-b32e-4b5d2ef07bca","type":"action","widgetType":"activity","label":"New Activity Widget in Diagram","point":{"x":-72,"y":-2452},"ports":[{"portId":"ab2e48ef-5eb0-41ab-9834-25ca6ff54c1a","isSourcePort":true,"linkId":"42179cc6-e64a-45b7-a6c2-e277312aa0b6","type":"arrow","links":["42179cc6-e64a-45b7-a6c2-e277312aa0b6"],"properties":{"x":-80.00001421048864,"name":"in","y":-2434.0043045286634,"label":"in","alignment":"left"}},{"portId":"64c8db19-edb5-4405-ba53-1c4d6aa60eaa","isSourcePort":false,"linkId":"32a01b5e-e28c-488c-9deb-17160a9b1c1a","type":"arrow","links":["32a01b5e-e28c-488c-9deb-17160a9b1c1a"],"properties":{"x":95.00001630708948,"name":"default","y":-2434.0043045286634,"label":"default","alignment":"right"}},{"portId":"dc6445ad-343f-46d1-b8cf-a9db2436f44d","isSourcePort":false,"linkId":"dc077438-c264-4607-b288-a7d9033818e5","type":"arrow","links":["dc077438-c264-4607-b288-a7d9033818e5"],"properties":{"x":95.50001630708948,"name":"error","y":-2340.7209488157728,"label":"error","alignment":"right"}}],"properties":{"recoveryQueue:type":"LONGEST_AVAILABLE_AGENT","reportingQueue":"AXj7J67QX-tU5CjVIxNA","activityName":"queue-to-agent","description":"","priority":"1","priority:type":null,"priorityRadioGroup":"staticPriority","reportingQueue:type":"LONGEST_AVAILABLE_AGENT","destinationLookupType":"agentEmail","activityId":"628d7efd4ba3176df6ce0088","priorityToggle":true,"destinationLookupType:type":null,"priorityVariable":null,"destinationVariable":"{{AgentLoginID}}","name":"QueueToAgent","recoveryQueue":"AXj7J67QX-tU5CjVIxNA","_renderRequestTimestamp":1681240992716,"parkContactToggle":true}},"dcde90f3-b7fd-426f-b6af-8d61fbf2cf8d":{"id":"968e666c-8afd-47d0-b289-3bc67445bc78","type":"action","widgetType":"activity","label":"New Activity Widget in Diagram","point":{"x":182,"y":-2321},"ports":[{"portId":"1ed15ba9-2f96-4864-a9c9-09c1f9486af3","isSourcePort":true,"linkId":"dc077438-c264-4607-b288-a7d9033818e5","type":"arrow","links":["dc077438-c264-4607-b288-a7d9033818e5"],"properties":{"x":174.00001630708948,"name":"in","y":-2303.0043045286634,"label":"in","alignment":"left"}},{"portId":"55ec6712-c3d6-43f6-908a-06d43a964c29","isSourcePort":false,"linkId":"0514413d-cbdf-4454-8638-20923e300fa6","type":"arrow","links":["0514413d-cbdf-4454-8638-20923e300fa6"],"properties":{"x":349.0000163070895,"name":"default","y":-2303.0043045286634,"label":"default","alignment":"right"}},{"portId":"b2031853-de44-472a-ac61-8612ba2f03c1","isSourcePort":false,"linkId":null,"type":"arrow","links":[],"properties":{"x":349.5000163070895,"name":"failure","y":-2209.720979333351,"label":"failure","alignment":"right"}}],"properties":{"fallbackQueue":"AXj7J67QX-tU5CjVIxNA","queueRadioGroup":"variableQueue","fallbackQueue:type":"LONGEST_AVAILABLE_AGENT","destination":null,"activityName":"queue-contact","description":"","toggle":true,"priority":"1","priority:type":null,"agentAvailabilityRadioGroup":null,"priorityRadioGroup":"staticPriority","skills":null,"activityId":"5f114550ef5cfc454fbbf133","priorityVariable":null,"destinationVariable":"{{QueueToAgent.RecoveryQueueId}}","name":"QueueContact","toggleAgentAvailability":false,"agentAvailabilityVariable":null,"_renderRequestTimestamp":1681240992716}},"74237d8c-d83f-4198-9163-3ad60d81e23b":{"id":"dc077438-c264-4607-b288-a7d9033818e5","type":"arrow","widgetType":"link","label":"","properties":{"curvyness":50,"selected":false,"color":"gray","points":[{"id":"d5e90a40-8cca-4014-ae03-9420cac51d01","type":"point","x":104.00001630708948,"y":-2332.2209488157728},{"id":"58d03d80-f665-4ee9-8c20-2fd4646d11eb","type":"point","x":125,"y":-2332.2209488157728},{"id":"f4cc1a3b-dbe4-4fb3-973b-eebf9d57acae","type":"point","x":125,"y":-2341},{"id":"b18103c8-0480-4fde-bf9d-d20d3d1d7004","type":"point","x":162.50001630708948,"y":-2341},{"id":"ea776373-c684-4ab5-b049-5e1ccc00306a","type":"point","x":162.50001630708948,"y":-2294.5043045286634},{"id":"557bceb0-20fa-4a3b-8c12-bbefb8a7afc3","type":"point","x":182.50001630708948,"y":-2294.5043045286634}],"width":1,"selectedColor":"rgb(0,192,255)"},"points":[],"sourcePort":{"id":"dc6445ad-343f-46d1-b8cf-a9db2436f44d","activeWidgetId":"28dff063-afd2-446d-b32e-4b5d2ef07bca","point":{"x":104,"y":-2332}},"targetPort":{"id":"1ed15ba9-2f96-4864-a9c9-09c1f9486af3","activeWidgetId":"968e666c-8afd-47d0-b289-3bc67445bc78","point":{"x":182,"y":-2294}}},"4bc37eb3-7e10-4da1-8844-ffbaa4fb7604":{"id":"7e736c96-b3cc-4df1-b2d6-1ab325f2ec2a","type":"end","widgetType":"activity","label":"New Activity Widget in Diagram","point":{"x":427,"y":-2235},"ports":[{"portId":"ad9c3dd7-25bc-4e35-8091-73a34b2a1577","isSourcePort":true,"linkId":"0514413d-cbdf-4454-8638-20923e300fa6","type":"arrow","links":["0514413d-cbdf-4454-8638-20923e300fa6","32a01b5e-e28c-488c-9deb-17160a9b1c1a"],"properties":{"x":419.0000163070895,"name":"in","y":-2217.0043045286634,"label":"in","alignment":"left"}}],"properties":{"name":"EndFlow_402","activityName":"end","activityId":"end","_renderRequestTimestamp":1681240992716}},"0fce7ed6-cf4f-4552-93b0-7d3162c30ea5":{"id":"0514413d-cbdf-4454-8638-20923e300fa6","type":"arrow","widgetType":"link","label":"","properties":{"curvyness":50,"selected":false,"color":"gray","points":[{"id":"6a380b04-a180-4229-a180-1290fff19c96","type":"point","x":357.5000163070895,"y":-2294.5043045286634},{"id":"89f7e24e-08bc-44dc-a797-94daa954d055","type":"point","x":380,"y":-2294.5043045286634},{"id":"d9e0c2a6-a79f-4807-a303-ef13f97674bc","type":"point","x":380,"y":-2255},{"id":"5ede30d7-1cdd-40d9-8402-f7566c846b29","type":"point","x":407.5000163070895,"y":-2255},{"id":"4c222dbc-6a58-4cbb-a479-c220552a8fc1","type":"point","x":407.5000163070895,"y":-2208.5043045286634},{"id":"a33d9050-6c97-493b-ab23-00b2d53f8977","type":"point","x":427.5000163070895,"y":-2208.5043045286634}],"width":1,"selectedColor":"rgb(0,192,255)"},"points":[],"sourcePort":{"id":"55ec6712-c3d6-43f6-908a-06d43a964c29","activeWidgetId":"968e666c-8afd-47d0-b289-3bc67445bc78","point":{"x":357,"y":-2294}},"targetPort":{"id":"ad9c3dd7-25bc-4e35-8091-73a34b2a1577","activeWidgetId":"7e736c96-b3cc-4df1-b2d6-1ab325f2ec2a","point":{"x":427,"y":-2208}}},"9c06ebb4-9ea1-49b7-aab2-28beb2a923bb":{"id":"32a01b5e-e28c-488c-9deb-17160a9b1c1a","type":"arrow","widgetType":"link","label":"","properties":{"curvyness":50,"selected":false,"color":"gray","points":[{"id":"70ca045a-3340-4edb-a194-5b5c997984a9","type":"point","x":103.50001630708948,"y":-2425.5043045286634},{"id":"32444de8-8c9d-4a83-8c1f-8e73d34ac335","type":"point","x":125,"y":-2425.5043045286634},{"id":"ce3e6947-8c7b-468b-9d5d-c746c46b4ca3","type":"point","x":125,"y":-2255},{"id":"d91069cc-6aec-40d4-9385-7fc46797ebc6","type":"point","x":407.5000163070895,"y":-2255},{"id":"6bc981b2-534a-47b3-90f8-a009682d6055","type":"point","x":407.5000163070895,"y":-2208.5043045286634},{"id":"ae793028-c975-43c3-a601-95e91090e195","type":"point","x":427.5000163070895,"y":-2208.5043045286634}],"width":1,"selectedColor":"rgb(0,192,255)"},"points":[],"sourcePort":{"id":"64c8db19-edb5-4405-ba53-1c4d6aa60eaa","activeWidgetId":"28dff063-afd2-446d-b32e-4b5d2ef07bca","point":{"x":103,"y":-2425}},"targetPort":{"id":"ad9c3dd7-25bc-4e35-8091-73a34b2a1577","activeWidgetId":"7e736c96-b3cc-4df1-b2d6-1ab325f2ec2a","point":{"x":427,"y":-2208}}},"feac853c-99bf-43f3-8140-036d00a2fd13":{"id":"08128047-4faf-4a3e-8f81-c06e96c7dc77","type":"start","widgetType":"activity","label":"New Activity Widget in Diagram","point":{"x":-363,"y":-2547},"ports":[{"portId":"7b074039-eff0-4061-a293-685cefddcfdc","isSourcePort":false,"linkId":"42179cc6-e64a-45b7-a6c2-e277312aa0b6","type":"arrow","links":["42179cc6-e64a-45b7-a6c2-e277312aa0b6"],"properties":{"x":-196.00001421048864,"name":"out","y":-2529.0042892698743,"label":"out","alignment":"right"}}],"properties":{"activityId":"start","name":"NewPhoneContact","activityName":"NewPhoneContact","description":"","event":"NewPhoneContact","_renderRequestTimestamp":1681240992716,"flowType":{"eventSourceId":"5eff0e2eb10162499bc9f932","eventClassificationId":"5f10475cf021306e89e1692c","eventSpecificationId":"5f2d02144332507e39cc8a7f","eventSourceName":"WebexContactCenter","eventClassificationName":"VoiceInteractions","eventSpecificationName":"ContactStartWorkflow"}}},"1dac458d-4d9f-49c1-9e94-85a5a8f6c57a":{"id":"42179cc6-e64a-45b7-a6c2-e277312aa0b6","type":"arrow","widgetType":"link","label":"","properties":{"curvyness":50,"selected":false,"color":"gray","points":[{"id":"33ed7d5c-93f7-4682-a686-9619541fbb07","type":"point","x":-187.50001421048864,"y":-2520.5042892698743},{"id":"09a9ffde-dcbf-4ebd-86f9-0e64ce02d872","type":"point","x":-165,"y":-2520.5042892698743},{"id":"2df69c1c-9130-4418-83f7-dd830123a8aa","type":"point","x":-165,"y":-2472},{"id":"b027145c-f143-4b94-9df5-785eb6c5686e","type":"point","x":-91.50001421048864,"y":-2472},{"id":"32122ee3-9999-4315-9935-a380ca8d423a","type":"point","x":-91.50001421048864,"y":-2425.5043045286634},{"id":"a84c18bd-23a9-4315-ad74-af5f37b6ff49","type":"point","x":-75,"y":-2425.5043045286634}],"width":1,"selectedColor":"rgb(0,192,255)"},"points":[],"sourcePort":{"id":"7b074039-eff0-4061-a293-685cefddcfdc","activeWidgetId":"08128047-4faf-4a3e-8f81-c06e96c7dc77","point":{"x":-187,"y":-2520}},"targetPort":{"id":"ab2e48ef-5eb0-41ab-9834-25ca6ff54c1a","activeWidgetId":"28dff063-afd2-446d-b32e-4b5d2ef07bca","point":{"x":-75,"y":-2425}}}},"properties":{"offsetX":328.0333546645902,"offsetY":2655.4042831663587,"zoom":100,"gridSize":0}},"flowId":"6435830df1b5c411f2c62bc9","eventFlows":{"eventsMap":{"GLOBAL_EVENTS":{"id":"GLOBAL_EVENTS","name":"name","description":"description","process":{"activities":{"f2f05e29-7f16-42a8-a092-f13c5fa04705":{"id":"f2f05e29-7f16-42a8-a092-f13c5fa04705","name":"AgentContactAssigned","group":"event","properties":{"eventSourceId":"5eff0e2eb10162499bc9f932","activityId":"event","eventSpecificationId":"5f354a0c6fb8c44e97ccb30d","eventSourceName":"WebexContactCenter","displayName":"AgentAnswered","iconDiagram":"icon-headset_16","eventSpecificationName":"AgentContactAssigned","name":"AgentContactAssigned","eventClassificationId":"5f10475cf021306e89e1692c","event":"AgentAnswered","_renderRequestTimestamp":1681240992716,"eventClassificationName":"VoiceInteractions"}},"ab1fda98-b89f-4d04-b1ed-0256f2dea775":{"id":"ab1fda98-b89f-4d04-b1ed-0256f2dea775","name":"EndFlow3","group":"end","properties":{"activityId":"end","name":"EndFlow3","activityName":"end","_renderRequestTimestamp":1681240992716}},"02f88220-e96e-4068-8359-a5f7a731117f":{"id":"02f88220-e96e-4068-8359-a5f7a731117f","name":"ContactEnded","group":"event","properties":{"eventSourceId":"5eff0e2eb10162499bc9f932","activityId":"event","eventSpecificationId":"5f354a336fb8c44e97ccb30e","eventSourceName":"WebexContactCenter","displayName":"PhoneContactEnded","iconDiagram":"icon-handset-muted_16","eventSpecificationName":"ContactEnded","name":"ContactEnded","eventClassificationId":"5f10475cf021306e89e1692c","event":"PhoneContactEnded","_renderRequestTimestamp":1681240992716,"eventClassificationName":"VoiceInteractions"}},"bcf5c726-8a7c-4779-9b95-cb03e8257178":{"id":"bcf5c726-8a7c-4779-9b95-cb03e8257178","name":"DisconnectFlow","group":"end","properties":{"activityId":"end","name":"DisconnectFlow","activityName":"end","description":"","_renderRequestTimestamp":1681240992716}},"d5587950-9360-4b73-8410-704c62c050a3":{"id":"d5587950-9360-4b73-8410-704c62c050a3","name":"AgentOfferContact","group":"event","properties":{"eventSourceId":"5eff0e2eb10162499bc9f932","activityId":"event","eventSpecificationId":"637da544c02b556cf406d192","eventSourceName":"WebexContactCenter","displayName":"AgentOffered","iconDiagram":"icon-audio-call_16","eventSpecificationName":"AgentOfferContact","name":"AgentOfferContact","eventClassificationId":"5f10475cf021306e89e1692c","event":"AgentOffered","_renderRequestTimestamp":1681240992718,"eventClassificationName":"VoiceInteractions"}},"3fec2d86-58b3-4eaa-966b-5d82e4a4d37f":{"id":"3fec2d86-58b3-4eaa-966b-5d82e4a4d37f","name":"FCAsk(ContactLastAgentRemoved)","group":"event","properties":{"eventSourceId":"5eff0e2eb10162499bc9f932","activityId":"event","eventSpecificationId":"5ffeafa86a7eff72a481c4b5","eventSourceName":"WebexContactCenter","displayName":"AgentDisconnected","iconDiagram":"icon-headset-muted_16","eventSpecificationName":"FCAsk(ContactLastAgentRemoved)","name":"FCAsk(ContactLastAgentRemoved)","eventClassificationId":"5f10475cf021306e89e1692c","event":"AgentDisconnected","_renderRequestTimestamp":1681240992716,"eventClassificationName":"VoiceInteractions"}},"df85f42e-6204-44c3-b4d2-10e96342e490":{"id":"df85f42e-6204-44c3-b4d2-10e96342e490","name":"GlobalErrorHandling","group":"event","properties":{"eventSourceId":"5eff0e2eb10162499bc9f932","activityId":"event","eventSpecificationId":"627c0663e98eca854178bba6","eventSourceName":"WebexContactCenter","displayName":"OnGlobalError","iconDiagram":"icon-error-legacy_16","eventSpecificationName":"GlobalErrorHandling","name":"GlobalErrorHandling","eventClassificationId":"5f10475cf021306e89e1692c","event":"OnGlobalError","_renderRequestTimestamp":1681240992716,"eventClassificationName":"VoiceInteractions"}},"c72cdbfc-0cd8-44d0-a4d4-b834bd7dabb5":{"id":"c72cdbfc-0cd8-44d0-a4d4-b834bd7dabb5","name":"DisconnectContact_x5q","group":"terminating-action","properties":{"activityId":"5faa898c8bf5b65b82f0706b","name":"DisconnectContact_x5q","activityName":"disconnect-contact","_renderRequestTimestamp":1681240992716}},"5cec5725-94ae-45ab-b6a5-46c810f24eef":{"id":"5cec5725-94ae-45ab-b6a5-46c810f24eef","name":"DisconnectFlow_ftj","group":"end","properties":{"activityId":"end","name":"DisconnectFlow_ftj","activityName":"end","description":"","_renderRequestTimestamp":1681240992716}}},"links":[{"id":"c99aa96c-7996-4517-9d55-63e3163fc681","sourceActivityId":"02f88220-e96e-4068-8359-a5f7a731117f","targetActivityId":"bcf5c726-8a7c-4779-9b95-cb03e8257178","conditionExpr":"out","properties":{"value":"out"}},{"id":"b46f954b-98a1-4f85-949c-ec2ff86de250","sourceActivityId":"df85f42e-6204-44c3-b4d2-10e96342e490","targetActivityId":"5cec5725-94ae-45ab-b6a5-46c810f24eef","conditionExpr":"out","properties":{"value":"out"}},{"id":"0f642580-3158-4071-a128-2e42b5191d1f","sourceActivityId":"f2f05e29-7f16-42a8-a092-f13c5fa04705","targetActivityId":"ab1fda98-b89f-4d04-b1ed-0256f2dea775","conditionExpr":"out","properties":{"value":"out"}},{"id":"2949beba-488a-4caf-a397-14da33a7cf22","sourceActivityId":"3fec2d86-58b3-4eaa-966b-5d82e4a4d37f","targetActivityId":"c72cdbfc-0cd8-44d0-a4d4-b834bd7dabb5","conditionExpr":"out","properties":{"value":"out"}}]},"onEvents":{"ContactEnded":"02f88220-e96e-4068-8359-a5f7a731117f","GlobalErrorHandling":"df85f42e-6204-44c3-b4d2-10e96342e490","AgentContactAssigned":"f2f05e29-7f16-42a8-a092-f13c5fa04705","FCAsk(ContactLastAgentRemoved)":"3fec2d86-58b3-4eaa-966b-5d82e4a4d37f","AgentOfferContact":"d5587950-9360-4b73-8410-704c62c050a3"},"diagram":{"widgets":{"02f88220-e96e-4068-8359-a5f7a731117f":{"id":"78ff786a-579a-4f0c-9ac3-ed3d07724d53","type":"event","widgetType":"activity","label":"New Activity Widget in Diagram","point":{"x":240,"y":489},"ports":[{"portId":"6eb296f3-5236-4173-9f5b-30a832f59ad3","isSourcePort":false,"linkId":"51f58a32-77ad-4ca9-b86e-221272c83476","type":"arrow","links":["51f58a32-77ad-4ca9-b86e-221272c83476"],"properties":{"x":406.99998474121094,"name":"out","y":507,"label":"out","alignment":"right"}}],"properties":{"eventSourceId":"5eff0e2eb10162499bc9f932","activityId":"event","eventSpecificationId":"5f354a336fb8c44e97ccb30e","eventSourceName":"WebexContactCenter","displayName":"PhoneContactEnded","iconDiagram":"icon-handset-muted_16","eventSpecificationName":"ContactEnded","name":"ContactEnded","eventClassificationId":"5f10475cf021306e89e1692c","event":"PhoneContactEnded","_renderRequestTimestamp":1681240992716,"eventClassificationName":"VoiceInteractions"}},"bcf5c726-8a7c-4779-9b95-cb03e8257178":{"id":"0bed0e30-1c4c-4822-a046-7e8101601fce","type":"end","widgetType":"activity","label":"New Activity Widget in Diagram","point":{"x":536,"y":569},"ports":[{"portId":"00505624-f75e-4b1f-9080-c392b2836499","isSourcePort":true,"linkId":"51f58a32-77ad-4ca9-b86e-221272c83476","type":"arrow","links":["51f58a32-77ad-4ca9-b86e-221272c83476"],"properties":{"x":528.0000457763672,"name":"in","y":587,"label":"in","alignment":"left"}}],"properties":{"name":"DisconnectFlow","activityName":"end","description":"","activityId":"end","_renderRequestTimestamp":1681240992716}},"c99aa96c-7996-4517-9d55-63e3163fc681":{"id":"51f58a32-77ad-4ca9-b86e-221272c83476","type":"arrow","widgetType":"link","label":"","properties":{"curvyness":50,"selected":false,"color":"gray","points":[{"id":"6629e412-2fa1-43cb-a508-e1b5be47cd2c","type":"point","x":415,"y":515.5},{"id":"dc75c4b2-e691-4018-86bc-33ff92d62606","type":"point","x":435,"y":515.5},{"id":"bff8e731-c25e-42e6-a0dd-8270e7eec426","type":"point","x":435,"y":595.5},{"id":"a684219e-31a6-427d-a647-a1ba19e9c481","type":"point","x":534,"y":595.5}],"width":1,"selectedColor":"rgb(0,192,255)"},"points":[],"sourcePort":{"id":"6eb296f3-5236-4173-9f5b-30a832f59ad3","activeWidgetId":"78ff786a-579a-4f0c-9ac3-ed3d07724d53","point":{"x":415,"y":515}},"targetPort":{"id":"00505624-f75e-4b1f-9080-c392b2836499","activeWidgetId":"0bed0e30-1c4c-4822-a046-7e8101601fce","point":{"x":534,"y":595}}},"df85f42e-6204-44c3-b4d2-10e96342e490":{"id":"839c3d7d-0aee-4f68-8317-4dcb0758d85d","type":"event","widgetType":"activity","label":"New Activity Widget in Diagram","point":{"x":240,"y":695},"ports":[{"portId":"1d7949a4-6a1d-40d2-9f3e-feda14a981f3","isSourcePort":false,"linkId":"40d05c1d-59ac-414d-9924-a1a608763880","type":"arrow","links":["40d05c1d-59ac-414d-9924-a1a608763880"],"properties":{"x":406.99998474121094,"name":"out","y":713,"label":"out","alignment":"right"}}],"properties":{"eventSourceId":"5eff0e2eb10162499bc9f932","activityId":"event","eventSpecificationId":"627c0663e98eca854178bba6","eventSourceName":"WebexContactCenter","displayName":"OnGlobalError","iconDiagram":"icon-error-legacy_16","eventSpecificationName":"GlobalErrorHandling","name":"GlobalErrorHandling","eventClassificationId":"5f10475cf021306e89e1692c","event":"OnGlobalError","_renderRequestTimestamp":1681240992716,"eventClassificationName":"VoiceInteractions"}},"5cec5725-94ae-45ab-b6a5-46c810f24eef":{"id":"8fa9fe8a-4058-4437-8b7e-651201b7da38","type":"end","widgetType":"activity","label":"New Activity Widget in Diagram","point":{"x":529,"y":739},"ports":[{"portId":"b9517d05-72fe-4986-a85b-3b6e8c1fb31a","isSourcePort":true,"linkId":"40d05c1d-59ac-414d-9924-a1a608763880","type":"arrow","links":["40d05c1d-59ac-414d-9924-a1a608763880"],"properties":{"x":521.0000457763672,"name":"in","y":757,"label":"in","alignment":"left"}}],"properties":{"name":"DisconnectFlow_ftj","activityName":"end","description":"","activityId":"end","_renderRequestTimestamp":1681240992716}},"b46f954b-98a1-4f85-949c-ec2ff86de250":{"id":"40d05c1d-59ac-414d-9924-a1a608763880","type":"arrow","widgetType":"link","label":"","properties":{"curvyness":50,"selected":false,"color":"gray","points":[{"id":"7bbdf992-55b1-4a75-9140-203bdedeff9e","type":"point","x":415,"y":721.5},{"id":"021cbba3-cd1d-46ac-b898-5d43b91d923f","type":"point","x":435,"y":721.5},{"id":"d51590c8-b866-4d4f-8dd3-3a1cfcfd393c","type":"point","x":435,"y":765.5},{"id":"888ad9e1-57cf-4cd9-9303-4c0909316b84","type":"point","x":525,"y":765.5}],"width":1,"selectedColor":"rgb(0,192,255)"},"points":[],"sourcePort":{"id":"1d7949a4-6a1d-40d2-9f3e-feda14a981f3","activeWidgetId":"839c3d7d-0aee-4f68-8317-4dcb0758d85d","point":{"x":415,"y":721}},"targetPort":{"id":"b9517d05-72fe-4986-a85b-3b6e8c1fb31a","activeWidgetId":"8fa9fe8a-4058-4437-8b7e-651201b7da38","point":{"x":525,"y":765}}},"f2f05e29-7f16-42a8-a092-f13c5fa04705":{"id":"1f94bfe1-5a71-42d8-bd82-09b45b5eea6f","type":"event","widgetType":"activity","label":"New Activity Widget in Diagram","point":{"x":225,"y":241},"ports":[{"portId":"d15525af-572c-4d3f-9860-7a4c60a29bd4","isSourcePort":false,"linkId":"9fbf07a4-ceab-4aa5-9c88-e0fac8e20d34","type":"arrow","links":["9fbf07a4-ceab-4aa5-9c88-e0fac8e20d34"],"properties":{"x":391.99998474121094,"name":"out","y":259,"label":"out","alignment":"right"}}],"properties":{"eventSourceId":"5eff0e2eb10162499bc9f932","activityId":"event","eventSpecificationId":"5f354a0c6fb8c44e97ccb30d","eventSourceName":"WebexContactCenter","displayName":"AgentAnswered","iconDiagram":"icon-headset_16","eventSpecificationName":"AgentContactAssigned","name":"AgentContactAssigned","eventClassificationId":"5f10475cf021306e89e1692c","event":"AgentAnswered","_renderRequestTimestamp":1681240992716,"eventClassificationName":"VoiceInteractions"}},"ab1fda98-b89f-4d04-b1ed-0256f2dea775":{"id":"b411b7a5-66ff-4894-b1d5-5681a4514670","type":"end","widgetType":"activity","label":"New Activity Widget in Diagram","point":{"x":598,"y":329},"ports":[{"portId":"a3103b15-70f0-4c0a-b7e1-55d3a5d4cece","isSourcePort":true,"linkId":"9fbf07a4-ceab-4aa5-9c88-e0fac8e20d34","type":"arrow","links":["9fbf07a4-ceab-4aa5-9c88-e0fac8e20d34"],"properties":{"x":589.9999847412109,"name":"in","y":347,"label":"in","alignment":"left"}}],"properties":{"name":"EndFlow3","activityName":"end","activityId":"end","_renderRequestTimestamp":1681240992716}},"0f642580-3158-4071-a128-2e42b5191d1f":{"id":"9fbf07a4-ceab-4aa5-9c88-e0fac8e20d34","type":"arrow","widgetType":"link","label":"","properties":{"curvyness":50,"selected":false,"color":"gray","points":[{"id":"7959a85a-1c34-41e2-a28a-35493449aba9","type":"point","x":400,"y":267.5},{"id":"bf749b95-9c26-49a9-a604-9fb55a0f46fd","type":"point","x":420,"y":267.5},{"id":"793cc079-762a-4bd5-99d2-01a210b7c252","type":"point","x":420,"y":355.5},{"id":"6617a4b1-733a-42f2-a437-d714378637ad","type":"point","x":595,"y":355.5}],"width":1,"selectedColor":"rgb(0,192,255)"},"points":[],"sourcePort":{"id":"d15525af-572c-4d3f-9860-7a4c60a29bd4","activeWidgetId":"1f94bfe1-5a71-42d8-bd82-09b45b5eea6f","point":{"x":400,"y":267}},"targetPort":{"id":"a3103b15-70f0-4c0a-b7e1-55d3a5d4cece","activeWidgetId":"b411b7a5-66ff-4894-b1d5-5681a4514670","point":{"x":595,"y":355}}},"3fec2d86-58b3-4eaa-966b-5d82e4a4d37f":{"id":"6ba463a5-37cf-4d7a-a742-6b34e5a94fda","type":"event","widgetType":"activity","label":"New Activity Widget in Diagram","point":{"x":221,"y":26},"ports":[{"portId":"70f15f2c-0398-438f-af36-f185bb251af8","isSourcePort":false,"linkId":"df29f863-e900-4bff-a5fb-5298260a7530","type":"arrow","links":["df29f863-e900-4bff-a5fb-5298260a7530"],"properties":{"x":387.99998474121094,"name":"out","y":44,"label":"out","alignment":"right"}}],"properties":{"eventSourceId":"5eff0e2eb10162499bc9f932","activityId":"event","eventSpecificationId":"5ffeafa86a7eff72a481c4b5","eventSourceName":"WebexContactCenter","displayName":"AgentDisconnected","iconDiagram":"icon-headset-muted_16","eventSpecificationName":"FCAsk(ContactLastAgentRemoved)","name":"FCAsk(ContactLastAgentRemoved)","eventClassificationId":"5f10475cf021306e89e1692c","event":"AgentDisconnected","_renderRequestTimestamp":1681240992716,"eventClassificationName":"VoiceInteractions"}},"c72cdbfc-0cd8-44d0-a4d4-b834bd7dabb5":{"id":"36dee184-d501-4157-b3fd-0d2580184264","type":"terminating-action","widgetType":"activity","label":"New Activity Widget in Diagram","point":{"x":565,"y":54},"ports":[{"portId":"605ddb9c-53e5-4aac-91a2-cb1caab8da30","isSourcePort":true,"linkId":"df29f863-e900-4bff-a5fb-5298260a7530","type":"arrow","links":["df29f863-e900-4bff-a5fb-5298260a7530"],"properties":{"x":556.9999847412109,"name":"in","y":72,"label":"in","alignment":"left"}}],"properties":{"name":"DisconnectContact_x5q","activityName":"disconnect-contact","activityId":"5faa898c8bf5b65b82f0706b","_renderRequestTimestamp":1681240992716}},"2949beba-488a-4caf-a397-14da33a7cf22":{"id":"df29f863-e900-4bff-a5fb-5298260a7530","type":"arrow","widgetType":"link","label":"","properties":{"curvyness":50,"selected":false,"color":"gray","points":[{"id":"417ede49-aba3-49cf-868c-462274b44a45","type":"point","x":396,"y":52.5},{"id":"094bc776-37bc-423c-8374-aa293ea8efa7","type":"point","x":415,"y":52.5},{"id":"881114fe-19b9-4280-b8a7-996d74229410","type":"point","x":415,"y":80.5},{"id":"d71feef6-d25b-4512-9aa8-dac0144a19ae","type":"point","x":565,"y":80.5}],"width":1,"selectedColor":"rgb(0,192,255)"},"points":[],"sourcePort":{"id":"70f15f2c-0398-438f-af36-f185bb251af8","activeWidgetId":"6ba463a5-37cf-4d7a-a742-6b34e5a94fda","point":{"x":396,"y":52}},"targetPort":{"id":"605ddb9c-53e5-4aac-91a2-cb1caab8da30","activeWidgetId":"36dee184-d501-4157-b3fd-0d2580184264","point":{"x":565,"y":80}}},"d5587950-9360-4b73-8410-704c62c050a3":{"id":"acd7db32-0b9d-45d7-ad16-b79226989b38","type":"event","widgetType":"activity","label":"New Activity Widget in Diagram","point":{"x":100,"y":810},"ports":[{"portId":"311d9d73-8d7f-4015-b32b-d91bf3e12311","isSourcePort":false,"linkId":null,"type":"arrow","links":[],"properties":{"x":266.99998474121094,"name":"out","y":828,"label":"out","alignment":"right"}}],"properties":{"eventSourceId":"5eff0e2eb10162499bc9f932","activityId":"event","eventSpecificationId":"637da544c02b556cf406d192","eventSourceName":"WebexContactCenter","displayName":"AgentOffered","iconDiagram":"icon-audio-call_16","eventSpecificationName":"AgentOfferContact","name":"AgentOfferContact","eventClassificationId":"5f10475cf021306e89e1692c","event":"AgentOffered","_renderRequestTimestamp":1681240992718,"eventClassificationName":"VoiceInteractions"}}},"properties":{}}}},"properties":{"offsetX":0,"offsetY":0,"zoom":0,"gridSize":0}},"runtimeVariables":[],"validating":true,"persist":true,"validationResults":[],"createdBy":"bmclella@email.carehybrid.com","createdDate":"2023-04-11T19:23:14.757","lastModifiedDate":"2023-04-11T19:23:14.757","lastModifiedBy":"bmclella@email.carehybrid.com","variableOrders":{"pop-over":[{"name":"ani","variableSeq":"0"},{"name":"dn","variableSeq":"1"},{"name":"virtualTeamName","variableSeq":"2"},{"name":"OrginalChannel","variableSeq":"3"},{"name":"AgentLoginID","variableSeq":"4"}],"interaction-panel":[{"name":"FirstName","variableSeq":"0"},{"name":"LastName","variableSeq":"1"},{"name":"Address","variableSeq":"2"},{"name":"Email","variableSeq":"3"},{"name":"ani","variableSeq":"4"},{"name":"dn","variableSeq":"5"},{"name":"virtualTeamName","variableSeq":"6"},{"name":"ReasonForEscalation","variableSeq":"7"}]}}